FUND_ACCOUNT_NUM,CLIENT_NAME,ACCOUNT_NAME,SHARES_DATE,TRADING_NUM,FUND_CODE,FUND_NAME,REMANING_SHARES,NAV_DAILY,MONEY_VALUE
TH0000005038,众安在线,众安在线保险经纪有限公司,20231231,542,999220,民汇20号,"5,348,163.45",1.1914,6371801.934
TH0000004824,众安信息,众安信息技术服务有限公司,20231231,521,999214,月月盈理财债券,"67,796,610.17",1.0333,70054237.29
TH0010000891,中远海运,中远海运财产保险自保有限公司,20231231,3171,999261,汇通7号,"92,489,826.12",1.1357,105040695.5
TH0000001269,中原农业,中原农业保险股份有限公司资本金托管专户,20231231,133,999214,月月盈理财债券,"186,531,528.49",1.0333,192743028.4
TH0010000432,中原农业,中原农业保险股份有限公司资本金交行托管专户,20231231,2042,999220,民汇20号,"27,559,919.11",1.1914,32834887.63
TH0010000837,中英人寿,中英人寿保险有限公司-万能鑫一代账户,20231231,2913,999220,民汇20号,"5,646,247.05",1.1914,6726938.735
TH0010000840,中英人寿,中英人寿保险有限公司-网销万能,20231231,2916,999220,民汇20号,"17,105,595.29",1.1914,20379606.23
TH0010000726,中银三星,中银三星人寿保险有限公司-分红,20231231,2551,601855,日日盈货币,"40,274,951.25",1,40274951.25
TH0000002215,中银三星,中银三星人寿保险有限公司,20231231,233,601855,日日盈货币,"99,090,239.50",1,99090239.5
TH0000002237,中银三星,中银三星人寿保险有限公司-万能个险,20231231,235,601855,日日盈货币,"40,296,777.01",1,40296777.01
TH0000002237,中银三星,中银三星人寿保险有限公司-万能个险,20231231,235,999214,月月盈理财债券,"15,884,153.96",1.0333,16413096.29
TH6010001478,中信建投,中信建投雪利宝安盈1号FOF集合资产管理计划,20231231,4789,999220,民汇20号,"2,916,522.77",1.1914,3474745.228
TH6010001327,中信建投,中信建投雪利宝安盈3号FOF集合资产管理计划,20231231,4533,999220,民汇20号,"9,067,967.79",1.1914,10803576.83
TH6010001331,中信建投,中信建投雪利宝安盈8号FOF集合资产管理计划,20231231,4537,999220,民汇20号,"10,158,300.18",1.1914,12102598.83
TH6010001328,中信建投,中信建投雪利宝安盈5号FOF集合资产管理计划,20231231,4534,999261,汇通7号,"6,333,760.68",1.1357,7193252.004
TH6010001329,中信建投,中信建投雪利宝安盈6号FOF集合资产管理计划,20231231,4535,999261,汇通7号,"9,577,972.74",1.1357,10877703.64
TH6010001330,中信建投,中信建投雪利宝安盈7号FOF集合资产管理计划,20231231,4536,999261,汇通7号,"8,069,831.66",1.1357,9164907.816
TH6010001331,中信建投,中信建投雪利宝安盈8号FOF集合资产管理计划,20231231,4537,999261,汇通7号,"17,302,136.75",1.1357,19650036.71
TH0010000446,中信保诚,中信保诚人寿保险有限公司-传统账户,20231231,2104,601855,日日盈货币,"1,083,409.48",1,1083409.48
TH0010000447,中信保诚,中信保诚人寿保险有限公司-分红账户,20231231,2105,601855,日日盈货币,"209,775,534.36",1,209775534.4
TH0010000810,中信保诚,中信保诚人寿保险有限公司-盛世华彩投资账户,20231231,2832,601855,日日盈货币,"201,971,540.31",1,201971540.3
TH0010000811,中信保诚,中信保诚人寿保险有限公司-盛世优选投资账户,20231231,2833,601855,日日盈货币,"205,475,254.87",1,205475254.9
TH0010000445,中信保诚,中信保诚人寿保险有限公司,20231231,2103,999214,月月盈理财债券,"28,719,172.63",1.0333,29675521.08
TH0010000448,中信保诚,中信保诚人寿保险有限公司-万能账户,20231231,2106,999214,月月盈理财债券,"163,319,168.31",1.0333,168757696.6
TH0010000448,中信保诚,中信保诚人寿保险有限公司-万能账户,20231231,2106,999220,民汇20号,"87,591,455.91",1.1914,104356460.6
TH0010000445,中信保诚,中信保诚人寿保险有限公司,20231231,2103,999237,周周盈,"86,707,708.32",1.1909,103260209.8
TH0010000447,中信保诚,中信保诚人寿保险有限公司-分红账户,20231231,2105,999237,周周盈,"25,095,456.08",1.1909,29886178.65
TH0010000445,中信保诚,中信保诚人寿保险有限公司,20231231,2103,999261,汇通7号,"18,009,905.45",1.1357,20453849.62
TH0010000446,中信保诚,中信保诚人寿保险有限公司-传统账户,20231231,2104,999261,汇通7号,"72,873,018.76",1.1357,82761887.41
TH0010000448,中信保诚,中信保诚人寿保险有限公司-万能账户,20231231,2106,999261,汇通7号,"37,293,180.97",1.1357,42353865.63
TH0010000899,中信保诚,中信保诚人寿保险有限公司-万能汇金资本G款账户,20231231,3232,999261,汇通7号,"31,584,457.25",1.1357,35870468.1
TH0010000903,中信保诚,中信保诚人寿保险有限公司-稳健配置投资账户,20231231,3270,999261,汇通7号,"92,081,031.31",1.1357,104576427.3
TH0000005285,中石油,中石油专属财产保险股份有限公司,20231231,568,601855,日日盈货币,"103,514,318.12",1,103514318.1
TH0010000288,中融人寿,中融人寿保险股份有限公司-投连安心,20231231,1815,999214,月月盈理财债券,"58,317,495.75",1.0333,60259468.36
TH0000005140,中融人寿,中融人寿保险股份有限公司-分红,20231231,553,999214,月月盈理财债券,"1,009,768,098.89",1.0333,1043393377
TH0010000288,中融人寿,中融人寿保险股份有限公司-投连安心,20231231,1815,999220,民汇20号,"246,600,000.00",1.1914,293799240
TH0010000288,中融人寿,中融人寿保险股份有限公司-投连安心,20231231,1815,999237,周周盈,"245,407,826.21",1.1909,292256180.2
TH0000005140,中融人寿,中融人寿保险股份有限公司-分红,20231231,553,999237,周周盈,"447,747,828.42",1.1909,533222888.9
TH0000005140,中融人寿,中融人寿保险股份有限公司-分红,20231231,553,999263,聚鑫23号,"7,810,211.85",1.0256,8010153.273
TH0000005072,中融人寿,中融人寿保险股份有限公司-传统,20231231,546,999263,聚鑫23号,"400,275,264.02",1.0256,410522310.8
TH0000002462,中路财产,中路财产保险股份有限公司,20231231,256,601855,日日盈货币,"98,053,448.98",1,98053448.98
TH0000002462,中路财产,中路财产保险股份有限公司,20231231,256,999237,周周盈,"24,963,209.60",1.1909,29728686.31
TH6010001348,中汇人寿,中汇人寿保险股份有限公司传统产品,20231231,4591,999214,月月盈理财债券,"28,104,059.91",1.0333,29039925.11
TH6010001349,中汇人寿,中汇人寿保险股份有限公司万能产品,20231231,4592,999214,月月盈理财债券,"1,084,999,054.48",1.0333,1121129523
TH6010001350,中汇人寿,中汇人寿保险股份有限公司分红产品,20231231,4593,999214,月月盈理财债券,"33,052,661.57",1.0333,34153315.2
TH6010001348,中汇人寿,中汇人寿保险股份有限公司传统产品,20231231,4591,999220,民汇20号,"210,767,701.23",1.1914,251108639.2
TH6010001350,中汇人寿,中汇人寿保险股份有限公司分红产品,20231231,4593,999220,民汇20号,"84,345,479.08",1.1914,100489203.8
TH6010001348,中汇人寿,中汇人寿保险股份有限公司传统产品,20231231,4591,999261,汇通7号,"221,086,429.56",1.1357,251087858.1
TH6010001350,中汇人寿,中汇人寿保险股份有限公司分红产品,20231231,4593,999261,汇通7号,"88,503,407.38",1.1357,100513319.8
TH0000001472,中华联合,中华联合保险集团股份有限公司,20231231,155,999214,月月盈理财债券,"21,211,939.05",1.0333,21918296.62
TH0000000897,中华联合,中华联合财产保险股份有限公司,20231231,96,999214,月月盈理财债券,"123,428,217.88",1.0333,127538377.5
TH0000000897,中华联合,中华联合财产保险股份有限公司,20231231,96,999237,周周盈,"177,572,582.79",1.1909,211471188.8
TH0000000897,中华联合,中华联合财产保险股份有限公司,20231231,96,999261,汇通7号,"264,719,201.65",1.1357,300641597.3
TH0000001405,中韩人寿,中韩人寿保险有限公司,20231231,148,603204,聚鑫27号,"29,040,160.64",0.9849,28601654.21
TH0000001393,中韩人寿,中韩人寿保险有限公司-万能险-农业银行托管专户,20231231,147,999214,月月盈理财债券,"3,681,609.47",1.0333,3804207.065
TH0000001393,中韩人寿,中韩人寿保险有限公司-万能险-农业银行托管专户,20231231,147,999220,民汇20号,"6,364,739.68",1.1914,7582950.855
TH0010000835,中国融通,中国融通财产保险有限公司,20231231,2911,601855,日日盈货币,"98,101,192.73",1,98101192.73
TH0010000835,中国融通,中国融通财产保险有限公司,20231231,2911,999214,月月盈理财债券,"77,021,058.34",1.0333,79585859.58
TH0010000727,工商银行,中国工商银行托管专户（深圳）,20231231,2552,999214,月月盈理财债券,"67,915,009.22",1.0333,70176579.03
TH0010000973,东方资产,中国东方资产管理股份有限公司,20231231,3570,999220,民汇20号,"171,423,673.72",1.1914,204234164.9
TH0000000268,浙商财产,浙商财产保险股份有限公司,20231231,33,999161,惠鑫9号,"155,287,308.09",0.817,126869730.7
TH0000000268,浙商财产,浙商财产保险股份有限公司,20231231,33,999214,月月盈理财债券,"47,448,436.14",1.0333,49028469.06
TH0010000930,浙金信托,浙金汇债日日鑫1号债券投资集合资金信托计划,20231231,3371,601847,民汇62号,"186,386,046.64",1.037,193282330.4
TH0010000930,浙金信托,浙金汇债日日鑫1号债券投资集合资金信托计划,20231231,3371,999220,民汇20号,"25,729,090.34",1.1914,30653638.23
TH6010001167,浙金信托,浙金汇债日日鑫2号债券投资集合资金信托计划,20231231,4122,999220,民汇20号,"12,710,689.89",1.1914,15143515.93
TH0010000807,浙金信托,浙金汇债周开4号债券投资集合资金信托计划,20231231,2817,999220,民汇20号,"14,745,466.56",1.1914,17567748.86
TH0010000824,浙金信托,浙金汇债周开2号债券投资集合资金信托计划,20231231,2853,999220,民汇20号,"12,959,868.60",1.1914,15440387.45
TH0010000930,浙金信托,浙金汇债日日鑫1号债券投资集合资金信托计划,20231231,3371,999261,汇通7号,"45,816,028.98",1.1357,52033264.11
TH6010001066,安诚数盈,浙江安诚数盈投资管理有限公司,20231231,3863,602121,惠诚,"1,500,000.00",1.0008,1501200
TH0010000464,兆天金牛,兆天金牛精选1号私募证券投资基金,20231231,2160,600828,天惠1号,"14,000,000.00",0.8386,11740400
TH0010000457,招商信诺,招商信诺人寿保险有限公司-非分红,20231231,2139,999182,港惠2号,"16,149,959.25",1.021,16489108.39
TH6010000997,招商信诺,招商信诺人寿保险有限公司-万能3,20231231,3750,999214,月月盈理财债券,"123,069,963.01",1.0333,127168192.8
TH0010000459,招商信诺,招商信诺人寿保险有限公司-分红,20231231,2141,999214,月月盈理财债券,"413,075.26",1.0333,426830.6662
TH0010000460,招商信诺,招商信诺资产管理有限公司,20231231,2142,999214,月月盈理财债券,"10,167,114.63",1.0333,10505679.55
TH0010000851,招商信诺,招商信诺资管壹招信鑫2号产品,20231231,2952,999214,月月盈理财债券,"59,378,724.81",1.0333,61356036.35
TH0010000456,招商信诺,招商信诺人寿保险有限公司-万能,20231231,2138,999214,月月盈理财债券,"283,150,220.48",1.0333,292579122.8
TH0010000458,招商信诺,招商信诺人寿保险有限公司-自有,20231231,2140,999214,月月盈理财债券,"9,115,530.35",1.0333,9419077.511
TH0010000456,招商信诺,招商信诺人寿保险有限公司-万能,20231231,2138,999220,民汇20号,"3,956,531.46",1.1914,4713811.581
TH0010000460,招商信诺,招商信诺资产管理有限公司,20231231,2142,999220,民汇20号,"19,456,898.74",1.1914,23180949.16
TH0010000456,招商信诺,招商信诺人寿保险有限公司-万能,20231231,2138,999237,周周盈,"905,223.14",1.1909,1078030.237
TH0010000458,招商信诺,招商信诺人寿保险有限公司-自有,20231231,2140,999237,周周盈,"206,309,538.19",1.1909,245694029
TH0010000460,招商信诺,招商信诺资产管理有限公司,20231231,2142,999237,周周盈,"1,326,377.22",1.1909,1579582.631
TH0010000850,招商信诺,招商信诺资管壹招信鑫1号产品,20231231,2951,999237,周周盈,"63,389,558.29",1.1909,75490624.97
TH0010000851,招商信诺,招商信诺资管壹招信鑫2号产品,20231231,2952,999237,周周盈,"74,490,907.69",1.1909,88711221.97
TH0000003654,长生人寿,长生人寿保险有限公司-万能产品,20231231,401,999214,月月盈理财债券,"21,484,126.02",1.0333,22199547.42
TH0000003654,长生人寿,长生人寿保险有限公司-万能产品,20231231,401,999237,周周盈,"14,830,795.14",1.1909,17661993.93
TH0010000923,长江养老,长江盛世华章集合型团体养老保障管理产品平衡增利2号组合,20231231,3357,999214,月月盈理财债券,"77,852,280.22",1.0333,80444761.15
TH0010000919,长江养老,长江盛世华章集合型团体养老保障管理产品固收增利1号组合,20231231,3353,999237,周周盈,"69,506,344.70",1.1909,82775105.9
TH0010000923,长江养老,长江盛世华章集合型团体养老保障管理产品平衡增利2号组合,20231231,3357,999237,周周盈,"50,675,675.68",1.1909,60349662.17
TH0010000933,长江养老,长江盛世华章集合型团体养老保障管理产品延付增利1号,20231231,3411,999237,周周盈,"44,031,807.99",1.1909,52437480.14
TH0000001674,长城人寿,长城人寿-金街1号,20231231,176,999214,月月盈理财债券,"252,625,042.29",1.0333,261037456.2
TH0000001685,长城人寿,长城人寿-附加金钥匙,20231231,177,999214,月月盈理财债券,"83,352,433.94",1.0333,86128069.99
TH0000001696,长城人寿,长城人寿-金街2号,20231231,178,999214,月月盈理财债券,"416,439,531.53",1.0333,430306967.9
TH0000001708,长城人寿,长城人寿-金富利,20231231,179,999214,月月盈理财债券,"81,301,214.76",1.0333,84008545.21
TH0000001719,长城人寿,长城人寿-金街5号,20231231,180,999214,月月盈理财债券,"116,690,022.90",1.0333,120575800.7
TH0000001832,长城人寿,长城人寿保险股份有限公司,20231231,195,999214,月月盈理财债券,"16,061,014.69",1.0333,16595846.48
TH0000001720,长城人寿,长城人寿-金缘年金宝,20231231,181,999220,民汇20号,"5,566,067.44",1.1914,6631412.748
TH0000001832,长城人寿,长城人寿保险股份有限公司,20231231,195,999237,周周盈,"4,094,484.07",1.1909,4876121.079
TH0000005432,长安责任,长安责任保险股份有限公司,20231231,583,999281,惠安1号,"15,748.03",0.7112,11199.99894
TH0010000256,长安基金,长安基金管理有限公司,20231231,1783,999281,惠安1号,"15,748.03",0.7112,11199.99894
TH0000002057,云南信托,云南信托-慧泉专享3号单一资金信托,20231231,217,999183,中国龙2号,"10,000,000.00",1.175,11750000
TH0000000965,永诚财产,永诚财产保险股份有限公司,20231231,103,999261,汇通7号,"50,811,081.27",1.1357,57706145
TH0000002923,永安期货,永安期货股份有限公司,20231231,306,12,泰山1号,"20,263,424.52",0.991,20081053.7
TH0010000735,永安财产,永安财产保险股份有限公司,20231231,2571,601855,日日盈货币,"101,939,989.37",1,101939989.4
TH0000004756,英大泰和,英大泰和人寿保险股份有限公司,20231231,514,601851,日添利货币,"104,224,497.37",1,104224497.4
TH0000004756,英大泰和,英大泰和人寿保险股份有限公司,20231231,514,601855,日日盈货币,"346,918,558.64",1,346918558.6
TH0010000367,英大泰和,英大泰和人寿保险股份有限公司-资本补充债,20231231,2002,999273,债券增强1号,"28,110,944.53",1.1024,30989505.25
TH0000000246,阳光农业,阳光农业相互保险公司,20231231,31,999220,民汇20号,"218,358,440.85",1.1914,260152246.4
TH0010000471,延安龙骧,延安龙骧投资合伙企业（有限合伙）,20231231,2184,999214,月月盈理财债券,"2,107,887.80",1.0333,2178080.464
TH0010000342,亚太财产,亚太财产保险有限公司-自有资金,20231231,1920,999214,月月盈理财债券,"21,572,857.42",1.0333,22291233.57
TH0010000320,熊猫理财,熊猫理财天添利系列A款净值型理财产品,20231231,1847,600456,汇通9号,"183,026,611.85",1.1098,203122933.8
TH6010001596,兴银理财,兴银理财稳添利日盈增利16号日开固收类理财产品,20231231,4953,603185,兴银惠享1号,"620,158,682.84",1.00460246,623012938.4
TH6010001793,兴银理财,兴银理财稳利优享A款2023年第6期封闭式固收类理财产品,20231231,5190,603185,兴银惠享1号,"696,960,166.42",1.00460246,700167897.7
TH6010003794,兴银理财,兴银理财稳添利日盈增利14号日开固收类理财产品,20231231,5191,603185,兴银惠享1号,"129,425,070.54",1.00460246,130020744.3
TH6010001597,兴银理财,兴银理财丰利悦动稳享一个月滚动持有1号固收类理财产品,20231231,4954,603185,兴银惠享1号,"99,998,220.03",1.00460246,100458457.8
TH6010001599,兴银理财,兴银理财丰利灵动稳享悦盈三个月持有期1号增强型固收类理财产品,20231231,4956,603185,兴银惠享1号,"149,997,330.05",1.00460246,150687686.8
TH6010001600,兴银理财,兴银理财金雪球稳添利季盈(3个月最短持有期)1号日开固收类理财产品,20231231,4957,603185,兴银惠享1号,"99,998,220.03",1.00460246,100458457.8
TH6010001601,兴银理财,兴银理财金雪球稳利1号A款净值型理财产品,20231231,4958,603185,兴银惠享1号,"549,990,210.17",1.00460246,552521518.1
TH6010001602,兴银理财,兴银理财稳添利日盈3号日开固收类理财产品,20231231,4959,603185,兴银惠享1号,"510,791,582.86",1.00460246,513142480.7
TH6010001605,兴银理财,兴银理财金雪球稳利1号C款净值型理财产品,20231231,4962,603185,兴银惠享1号,"359,993,592.12",1.00460246,361650448.2
TH6010001607,兴银理财,兴银理财金雪球稳添利日盈1号日开固收类理财产品,20231231,4964,603185,兴银惠享1号,"1,099,400,194.84",1.00460246,1104460140
TH6010001609,兴银理财,兴银理财稳添利日盈1号日开固收类理财产品,20231231,4966,603185,兴银惠享1号,"198,586,967.26",1.00460246,199500955.8
TH6010001610,兴银理财,兴银理财稳添利日盈2号日开固收类理财产品,20231231,4967,603185,兴银惠享1号,"799,550,794.21",1.00460246,803230694.8
TH6010001611,兴银理财,兴银理财金雪球稳利1号B款净值型理财产品,20231231,4968,603185,兴银惠享1号,"299,994,660.10",1.00460246,301375373.5
TH6010001612,兴银理财,兴银理财稳添利日盈增利11号日开固收类理财产品,20231231,4969,603185,兴银惠享1号,"599,989,320.19",1.00460246,602750747
TH6010001613,兴银理财,兴银理财稳利安盈封闭式2023年228期固收类理财产品,20231231,4970,603185,兴银惠享1号,"329,994,126.10",1.00460246,331512910.9
TH6010001614,兴银理财,兴银理财天天万利宝稳利8号C款净值型理财产品,20231231,4971,603185,兴银惠享1号,"69,998,754.02",1.00460246,70320920.49
TH6010001615,兴银理财,兴银理财天天万利宝稳利8号E款净值型理财产品,20231231,4972,603185,兴银惠享1号,"99,998,220.03",1.00460246,100458457.8
TH6010001616,兴银理财,兴银理财稳添利陆盈1号(6个月最短持有期)日开固收类理财产品,20231231,4973,603185,兴银惠享1号,"499,991,100.16",1.00460246,502292289.2
TH6010001617,兴银理财,兴银理财稳添利日盈增利17号日开固收类理财产品,20231231,4974,603185,兴银惠享1号,"199,996,440.06",1.00460246,200916915.7
TH6010001631,兴银理财,兴银理财稳添利日盈增利4号日开固收类理财产品,20231231,4988,603185,兴银惠享1号,"299,752,561.06",1.00460246,301132160.2
TH6010001632,兴银理财,兴银理财稳添利短债净值型理财产品,20231231,4989,603185,兴银惠享1号,"154,445,305.12",1.00460246,155156133.5
TH6010001634,兴银理财,兴银理财稳添利日盈增利13号日开固收类理财产品,20231231,4991,603185,兴银惠享1号,"399,445,305.12",1.00460246,401283736.2
TH6010001637,兴银理财,兴银理财稳添利季盈3号(3个月最短持有期)日开固收类理财产品,20231231,4994,603185,兴银惠享1号,"648,965,909.94",1.00460246,651952749.6
TH6010001662,兴银理财,兴银理财稳添利日盈增利18号日开固收类理财产品,20231231,5019,603185,兴银惠享1号,"379,593,839.43",1.00460246,381340904.9
TH6010001669,兴银理财,兴银理财稳添利周盈1号净值型理财产品,20231231,5026,603185,兴银惠享1号,"399,542,044.91",1.00460246,401380921.2
TH6010001730,兴银理财,兴银理财稳添利日盈增利15号日开固收类理财产品,20231231,5116,603185,兴银惠享1号,"209,540,684.72",1.00460246,210505087.3
TH6010001732,兴银理财,兴银理财稳利安盈封闭式2023年222期固收类理财产品,20231231,5118,603185,兴银惠享1号,"429,059,497.29",1.00460246,431034226.5
TH6010001748,兴银理财,兴银理财稳添利日盈私享1号日开固收类理财产品,20231231,5134,603185,兴银惠享1号,"141,620,993.90",1.00460246,142272798.9
TH6010001783,兴银理财,兴银理财稳利安盈封闭式2023年95期固收类理财产品,20231231,5175,603185,兴银惠享1号,"260,011,143.82",1.00460246,261207834.7
TH6010001789,兴银理财,兴银理财稳利安心盈封闭式2023年2期固收类理财产品,20231231,5181,603185,兴银惠享1号,"199,194,743.30",1.00460246,200111529.1
TH6010001618,兴业银行,兴业银行天天万利宝稳利6号Y款净值型理财产品,20231231,4975,603185,兴银惠享1号,"99,998,220.03",1.00460246,100458457.8
TH6010001619,兴业银行,兴业银行天天万利宝稳利6号O款净值型理财产品,20231231,4976,603185,兴银惠享1号,"219,457,965.72",1.00460246,220468012.2
TH6010001620,兴业银行,兴业银行天天万利宝稳利2号净值型理财产品D款,20231231,4977,603185,兴银惠享1号,"599,989,320.19",1.00460246,602750747
TH6010001621,兴业银行,兴业银行天天万利宝稳利2号净值型理财产品F款,20231231,4978,603185,兴银惠享1号,"599,989,320.19",1.00460246,602750747
TH6010001633,兴业银行,兴业银行天天万利宝稳利2号净值型理财产品C款,20231231,4990,603185,兴银惠享1号,"189,904,620.40",1.00460246,190778648.8
TH6010001733,兴业银行,兴业银行天天万利宝稳利6号净值型理财产品A款,20231231,5119,603185,兴银惠享1号,"449,015,752.98",1.00460246,451082330
TH0010000730,信泰人寿,信泰人寿保险股份有限公司-传统-建行,20231231,2555,601855,日日盈货币,"404,913,168.71",1,404913168.7
TH0000002327,信泰人寿,信泰人寿保险股份有限公司-万能-工行,20231231,245,601855,日日盈货币,"603,623,844.84",1,603623844.8
TH0010000730,信泰人寿,信泰人寿保险股份有限公司-传统-建行,20231231,2555,999214,月月盈理财债券,"684,998,532.15",1.0333,707808983.3
TH0010000730,信泰人寿,信泰人寿保险股份有限公司-传统-建行,20231231,2555,999237,周周盈,"424,484,251.63",1.1909,505518295.3
TH0010000546,信美人寿,信美人寿相互保险社,20231231,2271,999214,月月盈理财债券,"101,334,730.91",1.0333,104709177.4
TH0000000235,新华人寿,新华人寿保险股份有限公司分红产品,20231231,30,999202,精选策略FOF1号,"1,115,670,632.94",0.918,1024185641
TH0010000711,现代财产,现代财产保险（中国）有限公司,20231231,2526,601855,日日盈货币,"76,375,591.76",1,76375591.76
TH0010000711,现代财产,现代财产保险（中国）有限公司,20231231,2526,999214,月月盈理财债券,"27,900,793.63",1.0333,28829890.06
TH6010001187,西南证券,西南证券聚信安享FOF2号集合资产管理计划,20231231,4157,600629,民汇48号,"3,214,250.01",1.096,3522818.011
TH6010001187,西南证券,西南证券聚信安享FOF2号集合资产管理计划,20231231,4157,999237,周周盈,"2,818,826.34",1.1909,3356940.288
TH6010001187,西南证券,西南证券聚信安享FOF2号集合资产管理计划,20231231,4157,999261,汇通7号,"2,583,308.19",1.1357,2933863.111
TH0000004026,西藏隆源,西藏隆源投资管理有限责任公司,20231231,438,999240,隆源稳健1号,"4,280,000.00",1.023,4378440
TH0010000482,西部证券,西部证券股份有限公司,20231231,2202,601847,民汇62号,"198,827,117.66",1.037,206183721
TH0010000482,西部证券,西部证券股份有限公司,20231231,2202,999220,民汇20号,"358,080,617.97",1.1914,426617248.2
TH0010000482,西部证券,西部证券股份有限公司,20231231,2202,999237,周周盈,"262,898,671.89",1.1909,313086028.4
TH0010000482,西部证券,西部证券股份有限公司,20231231,2202,999261,汇通7号,"90,293,453.72",1.1357,102546275.4
TH0010000896,西部期货,西部期货有限公司,20231231,3211,999220,民汇20号,"67,693,680.64",1.1914,80650251.11
TH0010000896,西部期货,西部期货有限公司,20231231,3211,999237,周周盈,"67,554,803.85",1.1909,80451015.9
TH0000003047,五星控股,五星控股集团有限公司,20231231,323,999046,聚鑫2号,"97,438,200.56",0.4142,40358902.67
TH6010001098,万向信托,万向信托-TOF系列35号（日日盈系列5期集合资金信托计划）,20231231,3931,600629,民汇48号,"11,661,566.63",1.096,12781077.03
TH0000004352,万向信托,万向信托-TOF系列18号（周周盈系列1期集合资金信托计划）,20231231,472,600629,民汇48号,"10,670,033.81",1.096,11694357.06
TH0000004363,万向信托,万向信托-TOF系列19号（周周盈系列1期集合资金信托计划）,20231231,473,600629,民汇48号,"10,168,511.91",1.096,11144689.05
TH0000004374,万向信托,万向信托-TOF系列20号（周周盈系列1期集合资金信托计划）,20231231,474,600629,民汇48号,"9,525,284.64",1.096,10439711.97
TH0000005904,万向信托,万向信托-TOF系列35号（日日盈系列1期集合资金信托计划）,20231231,634,600629,民汇48号,"19,000,372.07",1.096,20824407.79
TH0010000303,万向信托,万向信托-TOF系列35号（日日盈系列2期集合资金信托计划）,20231231,1830,600629,民汇48号,"11,726,514.45",1.096,12852259.84
TH0010000382,万向信托,万向信托-TOF系列35号（日日盈系列3期集合资金信托计划）,20231231,2024,600629,民汇48号,"10,972,134.21",1.096,12025459.09
TH0000004330,万向信托,万向信托-TOF系列16号（周周盈系列1期集合资金信托计划）,20231231,470,600629,民汇48号,"10,053,604.18",1.096,11018750.18
TH0000004341,万向信托,万向信托-TOF系列17号（周周盈系列1期集合资金信托计划）,20231231,471,600629,民汇48号,"8,255,228.91",1.096,9047730.885
TH0010000820,万向信托,万向信托-TOF系列35号（日日盈系列4期集合资金信托计划）,20231231,2842,600629,民汇48号,"5,870,839.64",1.096,6434440.245
TH0010000842,万向信托,万向信托-TOF系列16号（周周盈系列2期集合资金信托计划）,20231231,2918,600629,民汇48号,"3,573,968.51",1.096,3917069.487
TH0010000843,万向信托,万向信托-TOF系列17号（周周盈系列2期集合资金信托计划）,20231231,2919,600629,民汇48号,"6,801,735.67",1.096,7454702.294
TH0010000844,万向信托,万向信托-TOF系列18号（周周盈系列2期集合资金信托计划）,20231231,2920,600629,民汇48号,"3,455,221.35",1.096,3786922.6
TH0010000845,万向信托,万向信托-TOF系列19号（周周盈系列2期集合资金信托计划）,20231231,2921,600629,民汇48号,"3,329,040.39",1.096,3648628.267
TH0000004363,万向信托,万向信托-TOF系列19号（周周盈系列1期集合资金信托计划）,20231231,473,601847,民汇62号,"8,839,264.24",1.037,9166317.017
TH0000004374,万向信托,万向信托-TOF系列20号（周周盈系列1期集合资金信托计划）,20231231,474,601847,民汇62号,"7,832,878.00",1.037,8122694.486
TH0000005904,万向信托,万向信托-TOF系列35号（日日盈系列1期集合资金信托计划）,20231231,634,601847,民汇62号,"49,292,005.98",1.037,51115810.2
TH0010000303,万向信托,万向信托-TOF系列35号（日日盈系列2期集合资金信托计划）,20231231,1830,601847,民汇62号,"22,552,424.67",1.037,23386864.38
TH0010000382,万向信托,万向信托-TOF系列35号（日日盈系列3期集合资金信托计划）,20231231,2024,601847,民汇62号,"18,001,488.62",1.037,18667543.7
TH0000004330,万向信托,万向信托-TOF系列16号（周周盈系列1期集合资金信托计划）,20231231,470,601847,民汇62号,"8,741,162.74",1.037,9064585.761
TH0010000820,万向信托,万向信托-TOF系列35号（日日盈系列4期集合资金信托计划）,20231231,2842,601847,民汇62号,"25,765,974.46",1.037,26719315.52
TH0010000842,万向信托,万向信托-TOF系列16号（周周盈系列2期集合资金信托计划）,20231231,2918,601847,民汇62号,"3,091,910.22",1.037,3206310.898
TH0010000843,万向信托,万向信托-TOF系列17号（周周盈系列2期集合资金信托计划）,20231231,2919,601847,民汇62号,"5,000,731.39",1.037,5185758.451
TH0010000844,万向信托,万向信托-TOF系列18号（周周盈系列2期集合资金信托计划）,20231231,2920,601847,民汇62号,"2,223,410.80",1.037,2305677
TH0010000845,万向信托,万向信托-TOF系列19号（周周盈系列2期集合资金信托计划）,20231231,2921,601847,民汇62号,"3,231,718.83",1.037,3351292.427
TH6010001098,万向信托,万向信托-TOF系列35号（日日盈系列5期集合资金信托计划）,20231231,3931,601847,民汇62号,"18,373,478.50",1.037,19053297.2
TH0000004341,万向信托,万向信托-TOF系列17号（周周盈系列1期集合资金信托计划）,20231231,471,601847,民汇62号,"5,303,537.06",1.037,5499767.931
TH0000004352,万向信托,万向信托-TOF系列18号（周周盈系列1期集合资金信托计划）,20231231,472,601847,民汇62号,"7,731,536.47",1.037,8017603.319
TH0010000143,万向信托,万向信托-TOF系列4号（同犇投资2号集合资金信托计划）,20231231,1575,999220,民汇20号,"20,521,309.22",1.1914,24449087.8
TH0010000303,万向信托,万向信托-TOF系列35号（日日盈系列2期集合资金信托计划）,20231231,1830,999220,民汇20号,"8,643,882.06",1.1914,10298321.09
TH0010000382,万向信托,万向信托-TOF系列35号（日日盈系列3期集合资金信托计划）,20231231,2024,999220,民汇20号,"11,218,677.15",1.1914,13365931.96
TH0000004330,万向信托,万向信托-TOF系列16号（周周盈系列1期集合资金信托计划）,20231231,470,999220,民汇20号,"7,383,138.89",1.1914,8796271.674
TH0000004341,万向信托,万向信托-TOF系列17号（周周盈系列1期集合资金信托计划）,20231231,471,999220,民汇20号,"4,744,924.05",1.1914,5653102.513
TH0000004352,万向信托,万向信托-TOF系列18号（周周盈系列1期集合资金信托计划）,20231231,472,999220,民汇20号,"5,476,464.71",1.1914,6524660.055
TH0000004363,万向信托,万向信托-TOF系列19号（周周盈系列1期集合资金信托计划）,20231231,473,999220,民汇20号,"7,340,712.88",1.1914,8745725.325
TH0000004374,万向信托,万向信托-TOF系列20号（周周盈系列1期集合资金信托计划）,20231231,474,999220,民汇20号,"6,241,349.32",1.1914,7435943.58
TH6010001098,万向信托,万向信托-TOF系列35号（日日盈系列5期集合资金信托计划）,20231231,3931,999220,民汇20号,"13,355,550.30",1.1914,15911802.63
TH0010000682,万向信托,万向信托-TOF系列41号（大盈稳健多策略优选1期集合资金信托计划）,20231231,2494,999220,民汇20号,"4,701,043.77",1.1914,5600823.548
TH0010000820,万向信托,万向信托-TOF系列35号（日日盈系列4期集合资金信托计划）,20231231,2842,999220,民汇20号,"21,114,265.89",1.1914,25155536.38
TH0010000842,万向信托,万向信托-TOF系列16号（周周盈系列2期集合资金信托计划）,20231231,2918,999220,民汇20号,"3,627,715.41",1.1914,4322060.139
TH0010000843,万向信托,万向信托-TOF系列17号（周周盈系列2期集合资金信托计划）,20231231,2919,999220,民汇20号,"6,941,670.41",1.1914,8270306.126
TH0010000844,万向信托,万向信托-TOF系列18号（周周盈系列2期集合资金信托计划）,20231231,2920,999220,民汇20号,"1,552,833.72",1.1914,1850046.094
TH0010000845,万向信托,万向信托-TOF系列19号（周周盈系列2期集合资金信托计划）,20231231,2921,999220,民汇20号,"4,577,019.14",1.1914,5453060.603
TH0000005904,万向信托,万向信托-TOF系列35号（日日盈系列1期集合资金信托计划）,20231231,634,999220,民汇20号,"31,298,299.79",1.1914,37288794.37
TH0010000303,万向信托,万向信托-TOF系列35号（日日盈系列2期集合资金信托计划）,20231231,1830,999237,周周盈,"5,297,866.40",1.1909,6309229.096
TH0010000382,万向信托,万向信托-TOF系列35号（日日盈系列3期集合资金信托计划）,20231231,2024,999237,周周盈,"3,389,834.08",1.1909,4036953.406
TH0000004330,万向信托,万向信托-TOF系列16号（周周盈系列1期集合资金信托计划）,20231231,470,999237,周周盈,"14,015,301.73",1.1909,16690822.83
TH0000004341,万向信托,万向信托-TOF系列17号（周周盈系列1期集合资金信托计划）,20231231,471,999237,周周盈,"10,725,482.61",1.1909,12772977.24
TH0000004352,万向信托,万向信托-TOF系列18号（周周盈系列1期集合资金信托计划）,20231231,472,999237,周周盈,"10,794,657.82",1.1909,12855358
TH0000004363,万向信托,万向信托-TOF系列19号（周周盈系列1期集合资金信托计划）,20231231,473,999237,周周盈,"17,905,506.54",1.1909,21323667.74
TH0000004374,万向信托,万向信托-TOF系列20号（周周盈系列1期集合资金信托计划）,20231231,474,999237,周周盈,"12,038,361.82",1.1909,14336485.09
TH6010001540,万向信托,万向信托-股权投资3号（柒鑫合金股权投资集合资金信托计划）,20231231,4895,999237,周周盈,"118,429,884.76",1.1909,141038149.8
TH6010001543,万向信托,万向信托-地产731号（美的临安西径晓风股权投资项目集合资金信托计划）,20231231,4898,999237,周周盈,"2,696,553.47",1.1909,3211325.527
TH6010001098,万向信托,万向信托-TOF系列35号（日日盈系列5期集合资金信托计划）,20231231,3931,999237,周周盈,"9,367,550.66",1.1909,11155816.08
TH0010000820,万向信托,万向信托-TOF系列35号（日日盈系列4期集合资金信托计划）,20231231,2842,999237,周周盈,"14,834,304.31",1.1909,17666173
TH0010000842,万向信托,万向信托-TOF系列16号（周周盈系列2期集合资金信托计划）,20231231,2918,999237,周周盈,"6,503,241.78",1.1909,7744710.636
TH0010000843,万向信托,万向信托-TOF系列17号（周周盈系列2期集合资金信托计划）,20231231,2919,999237,周周盈,"9,409,536.84",1.1909,11205817.42
TH0010000844,万向信托,万向信托-TOF系列18号（周周盈系列2期集合资金信托计划）,20231231,2920,999237,周周盈,"4,808,700.58",1.1909,5726681.521
TH0010000845,万向信托,万向信托-TOF系列19号（周周盈系列2期集合资金信托计划）,20231231,2921,999237,周周盈,"4,323,026.56",1.1909,5148292.33
TH0000005904,万向信托,万向信托-TOF系列35号（日日盈系列1期集合资金信托计划）,20231231,634,999237,周周盈,"7,382,824.88",1.1909,8792206.15
TH0000004330,万向信托,万向信托-TOF系列16号（周周盈系列1期集合资金信托计划）,20231231,470,999261,汇通7号,"24,138,119.32",1.1357,27413662.11
TH0000004341,万向信托,万向信托-TOF系列17号（周周盈系列1期集合资金信托计划）,20231231,471,999261,汇通7号,"16,569,087.56",1.1357,18817512.74
TH0000004352,万向信托,万向信托-TOF系列18号（周周盈系列1期集合资金信托计划）,20231231,472,999261,汇通7号,"22,203,861.66",1.1357,25216925.69
TH0000004363,万向信托,万向信托-TOF系列19号（周周盈系列1期集合资金信托计划）,20231231,473,999261,汇通7号,"25,693,524.07",1.1357,29180135.29
TH0000004374,万向信托,万向信托-TOF系列20号（周周盈系列1期集合资金信托计划）,20231231,474,999261,汇通7号,"19,752,829.62",1.1357,22433288.6
TH0000005904,万向信托,万向信托-TOF系列35号（日日盈系列1期集合资金信托计划）,20231231,634,999261,汇通7号,"41,265,306.35",1.1357,46865008.42
TH0010000303,万向信托,万向信托-TOF系列35号（日日盈系列2期集合资金信托计划）,20231231,1830,999261,汇通7号,"12,880,479.93",1.1357,14628361.06
TH0010000382,万向信托,万向信托-TOF系列35号（日日盈系列3期集合资金信托计划）,20231231,2024,999261,汇通7号,"10,362,523.34",1.1357,11768717.76
TH0010000820,万向信托,万向信托-TOF系列35号（日日盈系列4期集合资金信托计划）,20231231,2842,999261,汇通7号,"12,506,914.74",1.1357,14204103.07
TH0010000842,万向信托,万向信托-TOF系列16号（周周盈系列2期集合资金信托计划）,20231231,2918,999261,汇通7号,"10,514,942.41",1.1357,11941820.1
TH0010000843,万向信托,万向信托-TOF系列17号（周周盈系列2期集合资金信托计划）,20231231,2919,999261,汇通7号,"15,343,600.40",1.1357,17425726.97
TH0010000844,万向信托,万向信托-TOF系列18号（周周盈系列2期集合资金信托计划）,20231231,2920,999261,汇通7号,"7,247,882.98",1.1357,8231420.7
TH0010000845,万向信托,万向信托-TOF系列19号（周周盈系列2期集合资金信托计划）,20231231,2921,999261,汇通7号,"8,603,672.28",1.1357,9771190.608
TH6010001098,万向信托,万向信托-TOF系列35号（日日盈系列5期集合资金信托计划）,20231231,3931,999261,汇通7号,"8,063,921.07",1.1357,9158195.159
TH0000003283,万利富达,万利富达FOF私募基金,20231231,364,999228,万富1号,"7,719,727.35",1.475,11386597.84
TH0010000533,天津滨海农商,天津滨海农村商业银行股份有限公司,20231231,2258,999220,民汇20号,"604,177,455.55",1.1914,719817020.5
TH0010000533,天津滨海农商,天津滨海农村商业银行股份有限公司,20231231,2258,999237,周周盈,"259,246,456.97",1.1909,308736605.6
TH0000002934,泰山财产,泰山财产保险股份有限公司,20231231,352,601855,日日盈货币,"65,771,244.39",1,65771244.39
TH0000002934,泰山财产,泰山财产保险股份有限公司,20231231,352,999183,中国龙2号,"20,590,253.95",1.175,24193548.39
TH0000002934,泰山财产,泰山财产保险股份有限公司,20231231,352,999214,月月盈理财债券,"45,027,299.21",1.0333,46526708.27
TH6010001203,泰康人寿,泰康人寿保险有限责任公司-传统保险产品,20231231,4232,12,泰山1号,"79,428,117.55",0.991,78713264.49
TH0010000301,四川天府,四川天府银行股份有限公司“熊猫理财”润利系列理财产品,20231231,1828,600456,汇通9号,"78,954,533.08",1.1098,87623740.81
TH0010000321,四川天府,四川天府银行股份有限公司熊猫理财功夫系列净值型理财产品,20231231,1848,600456,汇通9号,"159,250,845.45",1.1098,176736588.3
TH0010000910,生命保险,生命保险资产管理有限公司-睿驰增强8号,20231231,3332,999220,民汇20号,"1,902,457.76",1.1914,2266588.175
TH0000001427,深圳嘉石,深圳嘉石大岩私募证券基金管理有限公司,20231231,150,999219,进取3号,"966,255.12",1.4135,1365801.612
TH6010001189,申万宏源,申万宏源沪甄优选4号集合资产管理计划,20231231,4190,601847,民汇62号,"14,120,820.55",1.037,14643290.91
TH6010001204,申万宏源,申万宏源安欣优选3号集合资产管理计划,20231231,4233,601847,民汇62号,"7,442,318.36",1.037,7717684.139
TH6010001284,申万宏源,申万宏源齐甄2号集合资产管理计划,20231231,4455,601847,民汇62号,"12,698,041.66",1.037,13167869.2
TH6010001431,申万宏源,申万宏源沪甄优选8号集合资产管理计划,20231231,4706,601847,民汇62号,"25,963,172.23",1.037,26923809.6
TH6010001109,申万宏源,申万宏源星云稳健1号集合资产管理计划,20231231,4030,601847,民汇62号,"3,544,608.17",1.037,3675758.672
TH6010001164,申万宏源,申万宏源粤熹优选3号集合资产管理计划,20231231,4119,601847,民汇62号,"21,396,666.95",1.037,22188343.63
TH6010001178,申万宏源,申万宏源安欣优选2号集合资产管理计划,20231231,4140,601847,民汇62号,"13,004,472.62",1.037,13485638.11
TH6010001479,申万宏源,申万宏源宁甄1号集合资产管理计划,20231231,4790,999220,民汇20号,"2,599,067.21",1.1914,3096528.674
TH6010001518,申万宏源,申万宏源苏甄1号集合资产管理计划,20231231,4850,999220,民汇20号,"1,065,358.92",1.1914,1269268.617
TH6010001093,申万宏源,申万宏源沪甄优选3号集合资产管理计划,20231231,3893,999220,民汇20号,"41,933,156.91",1.1914,49959163.14
TH6010001095,申万宏源,申万宏源粤熹优选2号集合资产管理计划,20231231,3895,999220,民汇20号,"2,967,275.47",1.1914,3535211.995
TH6010001109,申万宏源,申万宏源星云稳健1号集合资产管理计划,20231231,4030,999220,民汇20号,"13,743,343.07",1.1914,16373818.93
TH6010001189,申万宏源,申万宏源沪甄优选4号集合资产管理计划,20231231,4190,999220,民汇20号,"75,382,193.65",1.1914,89810345.51
TH6010001190,申万宏源,申万宏源沪甄优选5号集合资产管理计划,20231231,4191,999220,民汇20号,"74,962,861.06",1.1914,89310752.67
TH6010001204,申万宏源,申万宏源安欣优选3号集合资产管理计划,20231231,4233,999220,民汇20号,"2,440,478.47",1.1914,2907586.049
TH6010001229,申万宏源,申万宏源淳丰鑫享2号集合资产管理计划,20231231,4354,999220,民汇20号,"38,356,631.44",1.1914,45698090.7
TH6010001251,申万宏源,申万宏源齐甄1号集合资产管理计划,20231231,4413,999220,民汇20号,"10,889,909.82",1.1914,12974238.56
TH6010001322,申万宏源,申万宏源沪甄优选7号集合资产管理计划,20231231,4508,999220,民汇20号,"2,732,862.00",1.1914,3255931.787
TH6010001097,申万宏源,申万宏源安欣优选1号集合资产管理计划,20231231,3930,999261,汇通7号,"12,417,241.62",1.1357,14102261.31
TH6010001164,申万宏源,申万宏源粤熹优选3号集合资产管理计划,20231231,4119,999261,汇通7号,"19,385,597.31",1.1357,22016222.86
TH6010001178,申万宏源,申万宏源安欣优选2号集合资产管理计划,20231231,4140,999261,汇通7号,"11,914,396.19",1.1357,13531179.75
TH6010001190,申万宏源,申万宏源沪甄优选5号集合资产管理计划,20231231,4191,999261,汇通7号,"12,179,336.76",1.1357,13832072.76
TH6010001201,申万宏源,申万宏源沪甄优选6号集合资产管理计划,20231231,4230,999261,汇通7号,"17,966,919.19",1.1357,20405030.12
TH6010001205,申万宏源,申万宏源京甄1号集合资产管理计划,20231231,4234,999261,汇通7号,"3,013,535.99",1.1357,3422472.824
TH6010001226,申万宏源,申万宏源京甄2号集合资产管理计划,20231231,4351,999261,汇通7号,"12,812,024.69",1.1357,14550616.44
TH6010001229,申万宏源,申万宏源淳丰鑫享2号集合资产管理计划,20231231,4354,999261,汇通7号,"32,607,258.60",1.1357,37032063.59
TH6010001238,申万宏源,申万宏源合惠尊享1号fof资产管理计划,20231231,4377,999261,汇通7号,"1,982,846.63",1.1357,2251918.918
TH6010001251,申万宏源,申万宏源齐甄1号集合资产管理计划,20231231,4413,999261,汇通7号,"11,429,591.93",1.1357,12980587.55
TH6010001284,申万宏源,申万宏源齐甄2号集合资产管理计划,20231231,4455,999261,汇通7号,"11,598,857.96",1.1357,13172822.99
TH6010001322,申万宏源,申万宏源沪甄优选7号集合资产管理计划,20231231,4508,999261,汇通7号,"26,752,273.94",1.1357,30382557.51
TH6010001431,申万宏源,申万宏源沪甄优选8号集合资产管理计划,20231231,4706,999261,汇通7号,"5,065,766.09",1.1357,5753190.548
TH6010001479,申万宏源,申万宏源宁甄1号集合资产管理计划,20231231,4790,999261,汇通7号,"5,551,607.75",1.1357,6304960.922
TH6010001504,申万宏源,申万宏源淳丰鑫享3号集合资产管理计划,20231231,4831,999261,汇通7号,"22,307,778.20",1.1357,25334943.7
TH6010001767,申万宏源,申万宏源湘甄2号集合资产管理计划,20231231,5159,999261,汇通7号,"3,252,820.87",1.1357,3694228.662
TH6010001785,申万宏源,申万宏源安心回报1号FOF集合资产管理计划,20231231,5177,999261,汇通7号,"1,612,476.87",1.1357,1831289.981
TH6010005799,申万宏源,申万宏源沪甄9号集合资产管理计划,20231231,5198,999261,汇通7号,"8,550,545.97",1.1357,9710855.058
TH6010001355,上银理财,上银理财“天天利”系列开放式理财产品WPTK23D04期,20231231,4630,999262,民汇32号,"223,154,512.18",1.1312,252432384.2
TH6010001263,上银理财,上银理财“天天利”系列开放式理财产品3号WPTK22D02期,20231231,4434,999262,民汇32号,"35,704,721.95",1.1312,40389181.47
TH6010001265,上银理财,上银理财“鑫享利”系列周期开放式理财产品WPXK22M0101期,20231231,4436,999262,民汇32号,"8,926,180.49",1.1312,10097295.37
TH6010001267,上银理财,上银理财“双周利”系列开放式理财产品（14天）,20231231,4438,999262,民汇32号,"89,261,804.87",1.1312,100972953.7
TH0000000280,上海喜岳,上海喜岳投资管理有限公司,20231231,35,12,泰山1号,"965,250.97",0.991,956563.7113
TH0000000280,上海喜岳,上海喜岳投资管理有限公司,20231231,35,600964,泰山8号,"1,000,000.00",1.0002,1000200
TH6010001485,上海途灵,上海途灵资产管理有限公司,20231231,4812,999227,聚鑫18号,"5,070,993.91",0.966,4898580.117
TH6010001485,上海途灵,上海途灵资产管理有限公司,20231231,4812,999245,聚鑫21号,"4,397,537.38",1.146,5039577.837
TH0010000762,上海人寿,上海人寿保险股份有限公司传统产品建行托管专户,20231231,2651,999214,月月盈理财债券,"399,829,681.46",1.0333,413144009.9
TH0000001337,上海磬霖,上海磬霖融民投资管理中心（有限合伙）,20231231,141,999046,聚鑫2号,"801,440,009.72",0.4142,331956452
TH0010000878,光大资管,上海光大证券资产管理有限公司代光证资管汇福乐活9号集合资产管理计划,20231231,3091,600629,民汇48号,"27,399,026.51",1.096,30029333.05
TH0010000900,光大资管,上海光大证券资产管理有限公司代光证资管汇福乐活10号集合资产管理计划,20231231,3233,600629,民汇48号,"11,359,646.48",1.096,12450172.54
TH0010000905,光大资管,上海光大证券资产管理有限公司代光证资管汇福乐活11号集合资产管理计划,20231231,3290,600629,民汇48号,"27,586,157.87",1.096,30234429.03
TH6010000994,光大资管,上海光大证券资产管理有限公司代光证资管汇福乐活13号集合资产管理计划,20231231,3711,600629,民汇48号,"24,738,540.94",1.096,27113440.87
TH6010001002,光大资管,上海光大证券资产管理有限公司代光证资管汇福乐活15号集合资产管理计划,20231231,3755,600629,民汇48号,"20,433,555.60",1.096,22395176.94
TH6010001685,光大资管,上海光大证券资产管理有限公司代光证资管汇福乐活14号集合资产管理计划,20231231,5059,600629,民汇48号,"4,354,128.85",1.096,4772125.22
TH0010000830,光大资管,上海光大证券资产管理有限公司代光证资管汇福乐活1号集合资产管理计划,20231231,2892,600629,民汇48号,"32,149,407.59",1.096,35235750.72
TH0010000832,光大资管,上海光大证券资产管理有限公司代光证资管汇福乐活2号集合资产管理计划,20231231,2894,600629,民汇48号,"30,818,042.35",1.096,33776574.42
TH0010000834,光大资管,上海光大证券资产管理有限公司代光证资管汇福乐活3号集合资产管理计划,20231231,2910,600629,民汇48号,"38,387,752.66",1.096,42072976.92
TH0010000849,光大资管,上海光大证券资产管理有限公司代光证资管汇福乐活4号集合资产管理计划,20231231,2950,600629,民汇48号,"24,557,762.52",1.096,26915307.72
TH0010000855,光大资管,上海光大证券资产管理有限公司代光证资管汇福乐活5号集合资产管理计划,20231231,2971,600629,民汇48号,"36,650,980.46",1.096,40169474.58
TH0010000864,光大资管,上海光大证券资产管理有限公司代光证资管汇福乐活6号集合资产管理计划,20231231,3012,600629,民汇48号,"26,058,245.21",1.096,28559836.75
TH0010000869,光大资管,上海光大证券资产管理有限公司代光证资管汇福乐活7号集合资产管理计划,20231231,3034,600629,民汇48号,"31,322,347.23",1.096,34329292.56
TH0010000876,光大资管,上海光大证券资产管理有限公司代光证资管汇福乐活8号集合资产管理计划,20231231,3071,600629,民汇48号,"29,965,120.22",1.096,32841771.76
TH6010001685,光大资管,上海光大证券资产管理有限公司代光证资管汇福乐活14号集合资产管理计划,20231231,5059,601847,民汇62号,"4,338,336.26",1.037,4498854.702
TH0010000830,光大资管,上海光大证券资产管理有限公司代光证资管汇福乐活1号集合资产管理计划,20231231,2892,601847,民汇62号,"17,874,806.63",1.037,18536174.48
TH0010000832,光大资管,上海光大证券资产管理有限公司代光证资管汇福乐活2号集合资产管理计划,20231231,2894,601847,民汇62号,"9,317,651.34",1.037,9662404.44
TH0010000834,光大资管,上海光大证券资产管理有限公司代光证资管汇福乐活3号集合资产管理计划,20231231,2910,601847,民汇62号,"23,527,938.33",1.037,24398472.05
TH0010000849,光大资管,上海光大证券资产管理有限公司代光证资管汇福乐活4号集合资产管理计划,20231231,2950,601847,民汇62号,"13,242,342.06",1.037,13732308.72
TH0010000855,光大资管,上海光大证券资产管理有限公司代光证资管汇福乐活5号集合资产管理计划,20231231,2971,601847,民汇62号,"38,737,692.17",1.037,40170986.78
TH0010000864,光大资管,上海光大证券资产管理有限公司代光证资管汇福乐活6号集合资产管理计划,20231231,3012,601847,民汇62号,"23,687,959.31",1.037,24564413.8
TH0010000869,光大资管,上海光大证券资产管理有限公司代光证资管汇福乐活7号集合资产管理计划,20231231,3034,601847,民汇62号,"13,910,574.79",1.037,14425266.06
TH0010000876,光大资管,上海光大证券资产管理有限公司代光证资管汇福乐活8号集合资产管理计划,20231231,3071,601847,民汇62号,"20,196,180.12",1.037,20943438.78
TH0010000878,光大资管,上海光大证券资产管理有限公司代光证资管汇福乐活9号集合资产管理计划,20231231,3091,601847,民汇62号,"26,166,557.90",1.037,27134720.54
TH0010000900,光大资管,上海光大证券资产管理有限公司代光证资管汇福乐活10号集合资产管理计划,20231231,3233,601847,民汇62号,"11,008,856.62",1.037,11416184.31
TH0010000905,光大资管,上海光大证券资产管理有限公司代光证资管汇福乐活11号集合资产管理计划,20231231,3290,601847,民汇62号,"29,909,237.71",1.037,31015879.51
TH6010000994,光大资管,上海光大证券资产管理有限公司代光证资管汇福乐活13号集合资产管理计划,20231231,3711,601847,民汇62号,"23,493,321.89",1.037,24362574.8
TH6010001002,光大资管,上海光大证券资产管理有限公司代光证资管汇福乐活15号集合资产管理计划,20231231,3755,601847,民汇62号,"21,505,905.35",1.037,22301623.85
TH0010000869,光大资管,上海光大证券资产管理有限公司代光证资管汇福乐活7号集合资产管理计划,20231231,3034,999220,民汇20号,"1,417,960.23",1.1914,1689357.818
TH0010000876,光大资管,上海光大证券资产管理有限公司代光证资管汇福乐活8号集合资产管理计划,20231231,3071,999220,民汇20号,"1,105,095.00",1.1914,1316610.183
TH0010000900,光大资管,上海光大证券资产管理有限公司代光证资管汇福乐活10号集合资产管理计划,20231231,3233,999220,民汇20号,"6,724,272.89",1.1914,8011298.721
TH6010001002,光大资管,上海光大证券资产管理有限公司代光证资管汇福乐活15号集合资产管理计划,20231231,3755,999220,民汇20号,"4,072,443.79",1.1914,4851909.531
TH0010000830,光大资管,上海光大证券资产管理有限公司代光证资管汇福乐活1号集合资产管理计划,20231231,2892,999220,民汇20号,"1,596,236.24",1.1914,1901755.856
TH0010000834,光大资管,上海光大证券资产管理有限公司代光证资管汇福乐活3号集合资产管理计划,20231231,2910,999220,民汇20号,"924,136.77",1.1914,1101016.548
TH0010000855,光大资管,上海光大证券资产管理有限公司代光证资管汇福乐活5号集合资产管理计划,20231231,2971,999220,民汇20号,"6,785,940.30",1.1914,8084769.273
TH6010001685,光大资管,上海光大证券资产管理有限公司代光证资管汇福乐活14号集合资产管理计划,20231231,5059,999237,周周盈,"4,745,991.64",1.1909,5652001.444
TH0010000869,光大资管,上海光大证券资产管理有限公司代光证资管汇福乐活7号集合资产管理计划,20231231,3034,999237,周周盈,"28,380,758.01",1.1909,33798644.71
TH0010000876,光大资管,上海光大证券资产管理有限公司代光证资管汇福乐活8号集合资产管理计划,20231231,3071,999237,周周盈,"23,662,592.88",1.1909,28179781.86
TH0010000878,光大资管,上海光大证券资产管理有限公司代光证资管汇福乐活9号集合资产管理计划,20231231,3091,999237,周周盈,"24,914,142.81",1.1909,29670252.67
TH0010000900,光大资管,上海光大证券资产管理有限公司代光证资管汇福乐活10号集合资产管理计划,20231231,3233,999237,周周盈,"10,740,998.56",1.1909,12791455.19
TH0010000905,光大资管,上海光大证券资产管理有限公司代光证资管汇福乐活11号集合资产管理计划,20231231,3290,999237,周周盈,"25,841,016.52",1.1909,30774066.57
TH6010000994,光大资管,上海光大证券资产管理有限公司代光证资管汇福乐活13号集合资产管理计划,20231231,3711,999237,周周盈,"21,983,734.81",1.1909,26180429.79
TH6010001002,光大资管,上海光大证券资产管理有限公司代光证资管汇福乐活15号集合资产管理计划,20231231,3755,999237,周周盈,"16,695,675.11",1.1909,19882879.49
TH0010000830,光大资管,上海光大证券资产管理有限公司代光证资管汇福乐活1号集合资产管理计划,20231231,2892,999237,周周盈,"30,335,317.64",1.1909,36126329.78
TH0010000832,光大资管,上海光大证券资产管理有限公司代光证资管汇福乐活2号集合资产管理计划,20231231,2894,999237,周周盈,"28,839,159.36",1.1909,34344554.88
TH0010000834,光大资管,上海光大证券资产管理有限公司代光证资管汇福乐活3号集合资产管理计划,20231231,2910,999237,周周盈,"35,275,274.17",1.1909,42009324.01
TH0010000849,光大资管,上海光大证券资产管理有限公司代光证资管汇福乐活4号集合资产管理计划,20231231,2950,999237,周周盈,"21,897,506.42",1.1909,26077740.4
TH0010000855,光大资管,上海光大证券资产管理有限公司代光证资管汇福乐活5号集合资产管理计划,20231231,2971,999237,周周盈,"34,296,173.90",1.1909,40843313.5
TH0010000864,光大资管,上海光大证券资产管理有限公司代光证资管汇福乐活6号集合资产管理计划,20231231,3012,999237,周周盈,"23,282,551.81",1.1909,27727190.95
TH0010000830,光大资管,上海光大证券资产管理有限公司代光证资管汇福乐活1号集合资产管理计划,20231231,2892,999261,汇通7号,"31,480,059.26",1.1357,35751903.3
TH0010000832,光大资管,上海光大证券资产管理有限公司代光证资管汇福乐活2号集合资产管理计划,20231231,2894,999261,汇通7号,"27,969,666.17",1.1357,31765149.87
TH0010000834,光大资管,上海光大证券资产管理有限公司代光证资管汇福乐活3号集合资产管理计划,20231231,2910,999261,汇通7号,"38,073,235.86",1.1357,43239773.97
TH0010000849,光大资管,上海光大证券资产管理有限公司代光证资管汇福乐活4号集合资产管理计划,20231231,2950,999261,汇通7号,"22,849,224.76",1.1357,25949864.56
TH0010000855,光大资管,上海光大证券资产管理有限公司代光证资管汇福乐活5号集合资产管理计划,20231231,2971,999261,汇通7号,"34,771,516.67",1.1357,39490011.48
TH0010000864,光大资管,上海光大证券资产管理有限公司代光证资管汇福乐活6号集合资产管理计划,20231231,3012,999261,汇通7号,"25,200,688.66",1.1357,28620422.11
TH0010000869,光大资管,上海光大证券资产管理有限公司代光证资管汇福乐活7号集合资产管理计划,20231231,3034,999261,汇通7号,"27,398,227.88",1.1357,31116167.4
TH0010000876,光大资管,上海光大证券资产管理有限公司代光证资管汇福乐活8号集合资产管理计划,20231231,3071,999261,汇通7号,"28,732,040.07",1.1357,32630977.91
TH0010000878,光大资管,上海光大证券资产管理有限公司代光证资管汇福乐活9号集合资产管理计划,20231231,3091,999261,汇通7号,"27,379,865.95",1.1357,31095313.76
TH0010000900,光大资管,上海光大证券资产管理有限公司代光证资管汇福乐活10号集合资产管理计划,20231231,3233,999261,汇通7号,"9,749,227.36",1.1357,11072197.51
TH0010000905,光大资管,上海光大证券资产管理有限公司代光证资管汇福乐活11号集合资产管理计划,20231231,3290,999261,汇通7号,"28,044,161.94",1.1357,31849754.72
TH6010000994,光大资管,上海光大证券资产管理有限公司代光证资管汇福乐活13号集合资产管理计划,20231231,3711,999261,汇通7号,"24,938,946.87",1.1357,28323161.96
TH6010001002,光大资管,上海光大证券资产管理有限公司代光证资管汇福乐活15号集合资产管理计划,20231231,3755,999261,汇通7号,"19,669,301.87",1.1357,22338426.13
TH6010001122,光大资管,上海光大证券资产管理有限公司代光证资管汇福双周享2号集合资产管理计划,20231231,4051,999261,汇通7号,"888,099.47",1.1357,1008614.568
TH6010001685,光大资管,上海光大证券资产管理有限公司代光证资管汇福乐活14号集合资产管理计划,20231231,5059,999261,汇通7号,"2,561,778.83",1.1357,2909412.217
TH0000005184,厦门信托,厦门信托·璟恒一期证券投资集合资金信托计划,20231231,557,999255,璟惠1号,"13,502,700.00",1.4429,19483045.83
TH6010001679,三峡人寿,三峡人寿保险股份有限公司传统险,20231231,5053,999214,月月盈理财债券,"13,589,594.25",1.0333,14042127.74
TH6010001680,三峡人寿,三峡人寿保险股份有限公司分红险,20231231,5054,999214,月月盈理财债券,"38,833,066.63",1.0333,40126207.75
TH6010001679,三峡人寿,三峡人寿保险股份有限公司传统险,20231231,5053,999237,周周盈,"5,053,482.69",1.1909,6018192.536
TH6010001680,三峡人寿,三峡人寿保险股份有限公司分红险,20231231,5054,999237,周周盈,"42,941,416.41",1.1909,51138932.8
TH6010001679,三峡人寿,三峡人寿保险股份有限公司传统险,20231231,5053,999261,汇通7号,"9,013,475.01",1.1357,10236603.57
TH0010000209,瑞泰人寿,瑞泰人寿保险有限公司（分红险）,20231231,1709,999214,月月盈理财债券,"1,275,259.96",1.0333,1317726.117
TH0010000208,瑞泰人寿,瑞泰人寿保险有限公司（自有资金）,20231231,1707,999237,周周盈,"3,382,789.86",1.1909,4028564.444
TH0010000209,瑞泰人寿,瑞泰人寿保险有限公司（分红险）,20231231,1709,999237,周周盈,"4,062,237.21",1.1909,4837718.293
TH0010000987,前海再保,前海再中国工商银行股份有限公司深圳市分行资产托管专户,20231231,3652,999214,月月盈理财债券,"83,392,087.20",1.0333,86169043.7
TH0000003104,前海再保,前海再保险股份有限公司,20231231,345,999220,民汇20号,"26,814,444.05",1.1914,31946728.64
TH0010000226,前海人寿,前海人寿保险股份有限公司-分红保险产品（邮储）,20231231,1743,999214,月月盈理财债券,"302,161,532.17",1.0333,312223511.2
TH0000004600,前海人寿,前海人寿保险股份有限公司-分红保险产品,20231231,497,999214,月月盈理财债券,"789,881,676.38",1.0333,816184736.2
TH0000001753,齐商银行,齐商银行股份有限公司,20231231,186,999237,周周盈,"1,037,137,144.12",1.1909,1235126625
TH0000005599,七曜天鹰,七曜天鹰私募证券投资基金,20231231,599,999259,曜通1号,"7,920,000.00",0.99,7840800
TH6010001466,浦银理财,浦银理财周周鑫稳健款最短持有期理财产品,20231231,4777,600629,民汇48号,"18,358,729.58",1.096,20121167.62
TH6010001470,浦银理财,浦银理财月月鑫最短持有期理财产品,20231231,4781,600629,民汇48号,"36,607,247.44",1.096,40121543.19
TH6010001538,浦银理财,浦银理财季季鑫封闭式33号理财产品,20231231,4893,600629,民汇48号,"174,407,930.97",1.096,191151092.3
TH6010001751,浦银理财,浦银理财周周鑫稳健款（微众专属）,20231231,5137,601847,民汇62号,"96,497,153.33",1.037,100067548
TH6010001463,浦银理财,浦银理财天添鑫中短债3号理财产品,20231231,4774,601847,民汇62号,"19,331,142.47",1.037,20046394.74
TH6010001466,浦银理财,浦银理财周周鑫稳健款最短持有期理财产品,20231231,4777,601847,民汇62号,"67,663,672.07",1.037,70167227.94
TH6010001538,浦银理财,浦银理财季季鑫封闭式33号理财产品,20231231,4893,601847,民汇62号,"87,293,889.43",1.037,90523763.34
TH6010001419,浦银理财,浦银理财天添利进取1号理财产品,20231231,4694,603065,浦银惠享2号,"9,784.84",0.9928,9714.389152
TH6010001410,浦银理财,浦银理财天添盈增利10号现金管理产品,20231231,4685,603065,浦银惠享2号,"9,784.84",0.9928,9714.389152
TH6010001475,浦银理财,浦银理财季季鑫4号理财产品,20231231,4786,603077,浦银惠享3号,"69,930,069.93",1.005,70279720.28
TH6010001522,浦银理财,浦银理财季季鑫封闭式55号理财产品,20231231,4870,603077,浦银惠享3号,"214,573,498.71",1.005,215646366.2
TH6010001527,浦银理财,浦银理财季季鑫封闭式50号理财产品,20231231,4875,603077,浦银惠享3号,"519,828,360.44",1.005,522427502.2
TH6010001529,浦银理财,浦银理财季季鑫封闭式48号理财产品,20231231,4877,603077,浦银惠享3号,"50,000,000.00",1.005,50250000
TH6010001536,浦银理财,浦银理财季季鑫封闭式52号理财产品,20231231,4891,603077,浦银惠享3号,"500,718,276.14",1.005,503221867.5
TH6010001539,浦银理财,浦银理财季季鑫封闭式56号理财产品,20231231,4894,603077,浦银惠享3号,"1,100,000,000.00",1.005,1105500000
TH6010001595,浦银理财,浦银理财季季鑫封闭式58号理财产品,20231231,4952,603077,浦银惠享3号,"199,920,031.99",1.005,200919632.1
TH6010001624,浦银理财,浦银理财季季鑫封闭式59号理财产品,20231231,4981,603077,浦银惠享3号,"790,269,730.27",1.005,794221078.9
TH6010001659,浦银理财,浦银理财季季鑫封闭式60号理财产品,20231231,5016,603077,浦银惠享3号,"75,878,594.25",1.005,76257987.22
TH6010001660,浦银理财,浦银理财季季鑫封闭式61号理财产品,20231231,5017,603077,浦银惠享3号,"1,297,983,226.84",1.005,1304473143
TH6010001681,浦银理财,浦银理财季季鑫封闭式62号理财产品,20231231,5055,603077,浦银惠享3号,"479,373,614.66",1.005,481770482.7
TH6010001727,浦银理财,浦银理财季季鑫封闭式63号理财产品,20231231,5113,603077,浦银惠享3号,"145,606,861.47",1.005,146334895.8
TH6010001752,浦银理财,浦银理财季季鑫封闭式64号理财产品,20231231,5138,603077,浦银惠享3号,"591,671,574.80",1.005,594629932.7
TH6010001756,浦银理财,浦银理财启铭系列理财产品2367期,20231231,5142,603077,浦银惠享3号,"599,482,174.87",1.005,602479585.7
TH6010001773,浦银理财,浦银理财季季鑫封闭式78号理财产品,20231231,5165,603077,浦银惠享3号,"331,873,818.29",1.005,333533187.4
TH6010001461,浦银理财,浦银理财天添鑫中短债理财产品,20231231,4772,603077,浦银惠享3号,"1,873,977,646.63",1.005,1883347535
TH6010001462,浦银理财,浦银理财天添鑫中短债2号理财产品,20231231,4773,603077,浦银惠享3号,"1,530,441,299.44",1.005,1538093506
TH6010001463,浦银理财,浦银理财天添鑫中短债3号理财产品,20231231,4774,603077,浦银惠享3号,"89,910,089.91",1.005,90359640.36
TH6010001464,浦银理财,浦银理财周周鑫最短持有期1号（公司礼遇款）理财产品,20231231,4775,603077,浦银惠享3号,"279,102,807.22",1.005,280498321.3
TH6010001465,浦银理财,浦银理财周周鑫稳健1号（公司专属）理财产品,20231231,4776,603077,浦银惠享3号,"50,780,019.98",1.005,51033920.08
TH6010001466,浦银理财,浦银理财周周鑫稳健款最短持有期理财产品,20231231,4777,603077,浦银惠享3号,"4,738,331,251.98",1.005,4762022908
TH6010001469,浦银理财,浦银理财周周鑫最短持有期理财产品,20231231,4780,603077,浦银惠享3号,"2,238,250,170.68",1.005,2249441422
TH6010001470,浦银理财,浦银理财月月鑫最短持有期理财产品,20231231,4781,603077,浦银惠享3号,"1,090,024,761.78",1.005,1095474886
TH6010001472,浦银理财,浦银理财季季鑫（手机银行专属）理财产品,20231231,4783,603077,浦银惠享3号,"499,620,331.69",1.005,502118433.3
TH6010001473,浦银理财,浦银理财季季鑫（手机银行专属）2号理财产品,20231231,4784,603077,浦银惠享3号,"1,568,992,128.59",1.005,1576837089
TH6010001474,浦银理财,浦银理财季季鑫（手机银行专属）3号理财产品,20231231,4785,603077,浦银惠享3号,"59,940,059.94",1.005,60239760.24
TH6010001786,浦银理财,浦银理财双周鑫最短持有期（进取款）理财产品,20231231,5178,603329,浦银惠享6号,"400,000,000.00",1.0007,400280000
TH6010001768,浦银理财,浦银理财周周鑫最短持有期（进取款）理财产品,20231231,5160,603329,浦银惠享6号,"300,000.00",1.0007,300210
TH6010001751,浦银理财,浦银理财周周鑫稳健款（微众专属）,20231231,5137,603329,浦银惠享6号,"1,600,000,000.00",1.0007,1601120000
TH6010001473,浦银理财,浦银理财季季鑫（手机银行专属）2号理财产品,20231231,4784,603359,浦银惠享5号,"300,000.00",1,300000
TH6010001472,浦银理财,浦银理财季季鑫（手机银行专属）理财产品,20231231,4783,603359,浦银惠享5号,"300,000.00",1,300000
TH6010001473,浦银理财,浦银理财季季鑫（手机银行专属）2号理财产品,20231231,4784,999220,民汇20号,"83,934,866.54",1.1914,100000000
TH6010001538,浦银理财,浦银理财季季鑫封闭式33号理财产品,20231231,4893,999220,民汇20号,"168,819,110.32",1.1914,201131088
TH6010001444,浦银理财,浦银理财季季鑫定开6号理财产品,20231231,4755,999220,民汇20号,"33,815,199.93",1.1914,40287429.2
TH6010001467,浦银理财,浦银理财月月鑫稳健款最短持有期理财产品,20231231,4778,999220,民汇20号,"33,650,206.11",1.1914,40090855.56
TH6010001470,浦银理财,浦银理财月月鑫最短持有期理财产品,20231231,4781,999220,民汇20号,"160,224,230.92",1.1914,190891148.7
TH6010001538,浦银理财,浦银理财季季鑫封闭式33号理财产品,20231231,4893,999237,周周盈,"168,904,653.32",1.1909,201148551.6
TH6010001466,浦银理财,浦银理财周周鑫稳健款最短持有期理财产品,20231231,4777,999237,周周盈,"42,835,551.20",1.1909,51012857.92
TH6010001472,浦银理财,浦银理财季季鑫（手机银行专属）理财产品,20231231,4783,999261,汇通7号,"165,863,169.09",1.1357,188370801.1
TH6010001538,浦银理财,浦银理财季季鑫封闭式33号理财产品,20231231,4893,999261,汇通7号,"168,290,522.59",1.1357,191127546.5
TH6010001541,宁银理财,宁银理财宁欣固定收益类封闭式理财909号,20231231,4896,999262,民汇32号,"211,630,802.06",1.1312,239396763.3
TH0010000861,宁银理财,宁银理财宁欣日日薪固定收益类日开理财3号（最短持有14天）,20231231,2995,999262,民汇32号,"536,384,766.67",1.1312,606758448.1
TH6010001335,宁银理财,宁银理财宁欣固定收益类日开理财4号,20231231,4541,999262,民汇32号,"410,284,451.72",1.1312,464113771.8
TH6010001342,宁银理财,宁银理财宁欣日日薪固定收益类日开理财8号,20231231,4548,999262,民汇32号,"109,866,188.71",1.1312,124280632.7
TH6010001339,宁银理财,宁银理财宁欣日日薪固定收益类日开理财9号（最短持有60天）,20231231,4545,999262,民汇32号,"160,915,430.00",1.1312,182027534.4
TH6010001338,宁银理财,宁银理财宁欣日日薪固定收益类日开理财6号,20231231,4544,999262,民汇32号,"45,976,469.18",1.1312,52008581.94
TH6010001337,宁银理财,宁银理财宁欣固定收益类日开理财5号（最短持有7天）,20231231,4543,999262,民汇32号,"89,397,461.11",1.1312,101126408
TH6010001336,宁银理财,宁银理财宁欣日日薪固定收益类日开理财7号（最短持有7天）,20231231,4542,999262,民汇32号,"222,493,652.78",1.1312,251684820
TH0000002428,民生人寿,民生万能账户3,20231231,255,600456,汇通9号,"1,991,015.39",1.1098,2209628.88
TH0000002428,民生人寿,民生万能账户3,20231231,255,600975,享利3号,"4,997,501.25",1.0172,5083458.272
TH0000002428,民生人寿,民生万能账户3,20231231,255,999039,聚信2号,"390,136,124.26",1.0744,419162251.9
TH0000002428,民生人寿,民生万能账户3,20231231,255,999088,聚信3号,"50,172,347.53",1.296,65023362.4
TH0000002428,民生人寿,民生万能账户3,20231231,255,999236,汇通1号,"27,693,532.83",1.144,31681401.56
TH0000002428,民生人寿,民生万能账户3,20231231,255,999238,汇通2号,"4,500,450.05",1.142,5139513.957
TH0000002428,民生人寿,民生万能账户3,20231231,255,999261,汇通7号,"57,157,847.85",1.1357,64914167.8
TH0000002428,民生人寿,民生万能账户3,20231231,255,999268,和谐8号,"10,523,053.67",1.1378,11973130.47
TH0000000224,民生通惠,民生通惠资产管理有限公司,20231231,29,600629,民汇48号,"1,000,000.00",1.096,1096000
TH0000002440,民生通惠,民生通惠精选策略FOF1号资产管理产品,20231231,258,600828,天惠1号,"71,511,509.86",0.8386,59969552.17
TH0000002440,民生通惠,民生通惠精选策略FOF1号资产管理产品,20231231,258,600964,泰山8号,"20,000,000.00",1.0002,20004000
TH0000002440,民生通惠,民生通惠精选策略FOF1号资产管理产品,20231231,258,601004,信民,"878,503.03",0.9305,817447.0694
TH0000002440,民生通惠,民生通惠精选策略FOF1号资产管理产品,20231231,258,601005,信农,"1,101,442.89",0.6421,707236.4797
TH0000004891,民生通惠,民生通惠民汇29号资产管理产品,20231231,528,601847,民汇62号,"40,528,804.40",1.037,42028370.16
TH0000000224,民生通惠,民生通惠资产管理有限公司,20231231,29,601847,民汇62号,"1,000,000.00",1.037,1037000
TH0000002440,民生通惠,民生通惠精选策略FOF1号资产管理产品,20231231,258,601847,民汇62号,"163,950,236.28",1.037,170016395
TH0000003609,民生通惠,民生通惠聚鑫10号资产管理产品,20231231,396,601847,民汇62号,"19,910,403.19",1.037,20647088.11
TH6010001790,民生通惠,民生通惠科技复兴动力1号资产管理产品,20231231,5182,601847,民汇62号,"163,966,049.38",1.037,170032793.2
TH6010001791,民生通惠,民生通惠通汇19号资产管理产品,20231231,5183,601847,民汇62号,"48,225,308.64",1.037,50009645.06
TH6010001214,民生通惠,民生通惠稳健增利资产管理产品,20231231,4256,601847,民汇62号,"192,882,630.92",1.037,200019288.3
TH6010001324,民生通惠,民生通惠民汇70号资产管理产品,20231231,4530,601847,民汇62号,"386,884,281.38",1.037,401198999.8
TH6010001324,民生通惠,民生通惠民汇70号资产管理产品,20231231,4530,601851,日添利货币,"81,635,399.70",1,81635399.7
TH6010001438,民生通惠,民生通惠聚鑫3号资产管理产品,20231231,4731,601851,日添利货币,"151,131,614.96",1,151131615
TH6010001090,民生通惠,民生通惠民汇66号资产管理产品,20231231,3890,601851,日添利货币,"1,620,788.65",1,1620788.65
TH0000002440,民生通惠,民生通惠精选策略FOF1号资产管理产品,20231231,258,601949,华信,"1,000,000.00",0.8111,811100
TH0000002440,民生通惠,民生通惠精选策略FOF1号资产管理产品,20231231,258,602121,惠诚,"37,936,204.15",1.0008,37966553.11
TH0000002440,民生通惠,民生通惠精选策略FOF1号资产管理产品,20231231,258,603236,量化红利,"10,000,000.00",1.0121,10121000
TH0000002440,民生通惠,民生通惠精选策略FOF1号资产管理产品,20231231,258,999028,金享,"12,650,221.38",1.375,17394054.4
TH0000002440,民生通惠,民生通惠精选策略FOF1号资产管理产品,20231231,258,999151,指数增强1号,"16,497,209.56",1.424,23492026.41
TH0000000224,民生通惠,民生通惠资产管理有限公司,20231231,29,999154,惠盈,"1,000,000.00",1.226,1226000
TH0000002440,民生通惠,民生通惠精选策略FOF1号资产管理产品,20231231,258,999182,港惠2号,"26,377,114.33",1.021,26931033.73
TH0000002440,民生通惠,民生通惠精选策略FOF1号资产管理产品,20231231,258,999183,中国龙2号,"446,550,369.39",1.175,524696684
TH0000002440,民生通惠,民生通惠精选策略FOF1号资产管理产品,20231231,258,999206,惠鑫32号,"698,324.02",1.0787,753282.1204
TH0000002440,民生通惠,民生通惠精选策略FOF1号资产管理产品,20231231,258,999213,量化选股2号,"152,642,065.44",1.3225,201869131.5
TH6010001324,民生通惠,民生通惠民汇70号资产管理产品,20231231,4530,999214,月月盈理财债券,"464,118,220.01",1.0333,479573356.7
TH6010001438,民生通惠,民生通惠聚鑫3号资产管理产品,20231231,4731,999214,月月盈理财债券,"67,796,610.17",1.0333,70054237.29
TH0010000299,民生通惠,民生通惠通汇4号资产管理产品,20231231,1826,999214,月月盈理财债券,"629,539,951.57",1.0333,650503632
TH0010000302,民生通惠,民生通惠通汇7号资产管理产品,20231231,1829,999214,月月盈理财债券,"193,685,841.56",1.0333,200135580.1
TH0000002440,民生通惠,民生通惠精选策略FOF1号资产管理产品,20231231,258,999214,月月盈理财债券,"97,304,660.89",1.0333,100544906.1
TH0000000224,民生通惠,民生通惠资产管理有限公司,20231231,29,999216,聚鑫11号,"1,000,000.00",1.227,1227000
TH0000002440,民生通惠,民生通惠精选策略FOF1号资产管理产品,20231231,258,999218,量化选股3号,"937,164.25",0.9565,896397.6051
TH0000002440,民生通惠,民生通惠精选策略FOF1号资产管理产品,20231231,258,999219,进取3号,"16,601,501.58",1.4135,23466222.48
TH0000002440,民生通惠,民生通惠精选策略FOF1号资产管理产品,20231231,258,999227,聚鑫18号,"3,000,000.00",0.966,2898000
TH0000002440,民生通惠,民生通惠精选策略FOF1号资产管理产品,20231231,258,999228,万富1号,"22,862,302.97",1.475,33721896.88
TH0000000224,民生通惠,民生通惠资产管理有限公司,20231231,29,999236,汇通1号,"1,300,399.20",1.144,1487656.685
TH0010000330,民生通惠,民生通惠民汇多策略1号资产管理产品,20231231,1857,999237,周周盈,"25,921,484.14",1.1909,30869895.46
TH0000003609,民生通惠,民生通惠聚鑫10号资产管理产品,20231231,396,999237,周周盈,"16,144,489.64",1.1909,19226472.71
TH0000002440,民生通惠,民生通惠精选策略FOF1号资产管理产品,20231231,258,999240,隆源稳健1号,"225,796,810.64",1.023,230990137.3
TH0000002440,民生通惠,民生通惠精选策略FOF1号资产管理产品,20231231,258,999241,信汇2号,"25,542,172.23",1.035,26436148.26
TH0000002440,民生通惠,民生通惠精选策略FOF1号资产管理产品,20231231,258,999242,通汇18号,"1,007,049.35",0.947,953675.7345
TH0000002440,民生通惠,民生通惠精选策略FOF1号资产管理产品,20231231,258,999245,聚鑫21号,"2,000,000.00",1.146,2292000
TH0000000224,民生通惠,民生通惠资产管理有限公司,20231231,29,999251,民汇29号,"1,000,000.00",1.1594,1159400
TH0000002440,民生通惠,民生通惠精选策略FOF1号资产管理产品,20231231,258,999255,璟惠1号,"71,014,121.46",1.4429,102466275.9
TH0000002440,民生通惠,民生通惠精选策略FOF1号资产管理产品,20231231,258,999259,曜通1号,"15,000,000.00",0.99,14850000
TH0000003609,民生通惠,民生通惠聚鑫10号资产管理产品,20231231,396,999261,汇通7号,"30,042,176.33",1.1357,34118899.66
TH0000000224,民生通惠,民生通惠资产管理有限公司,20231231,29,999272,纯债1号,"1,000,000.00",1.1299,1129900
TH0000003609,民生通惠,民生通惠聚鑫10号资产管理产品,20231231,396,999272,纯债1号,"16,556,230.72",1.1299,18706885.09
TH0000000224,民生通惠,民生通惠资产管理有限公司,20231231,29,999273,债券增强1号,"1,000,000.00",1.1024,1102400
TH0000003609,民生通惠,民生通惠聚鑫10号资产管理产品,20231231,396,999273,债券增强1号,"19,613,161.98",1.1024,21621549.77
TH0010000223,民生人寿,民生人寿保险股份有限公司-个人税收递延型养老年金保险A款,20231231,1737,600629,民汇48号,"479,862.47",1.096,525929.2671
TH0000005443,民生人寿,民生人寿保险股份有限公司-2020资本补充债,20231231,584,600785,汇通10号,"20,219,724.07",0.9795,19805219.73
TH0000001225,民生人寿,民生人寿保险股份有限公司-分红权益,20231231,129,600785,汇通10号,"9,999,500.05",0.9795,9794510.299
TH0000000145,民生人寿,民生人寿保险股份有限公司-分红固收,20231231,14,600841,中短债,"15,000,000.00",1.0338,15507000
TH0000002990,民生人寿,民生人寿保险股份有限公司-传统险,20231231,316,600841,中短债,"15,000,000.00",1.0338,15507000
TH0000000145,民生人寿,民生人寿保险股份有限公司-分红固收,20231231,14,600843,转债增强,"108,925,558.31",1.0647,115973041.9
TH0000002990,民生人寿,民生人寿保险股份有限公司-传统险,20231231,316,600843,转债增强,"1,000,000.00",1.0647,1064700
TH0000000617,民生人寿,民生人寿保险股份有限公司-万能-附加富贵赢家至尊,20231231,68,600845,新能源新产业1号,"1,000,000.00",0.5985,598500
TH0000001225,民生人寿,民生人寿保险股份有限公司-分红权益,20231231,129,600845,新能源新产业1号,"3,931,870.23",0.5985,2353224.333
TH0000000145,民生人寿,民生人寿保险股份有限公司-分红固收,20231231,14,600855,稳健增利,"501,448,284.58",1.022,512480146.8
TH0000002990,民生人寿,民生人寿保险股份有限公司-传统险,20231231,316,600855,稳健增利,"1,000,000.00",1.022,1022000
TH0000000145,民生人寿,民生人寿保险股份有限公司-分红固收,20231231,14,600856,稳健增强,"138,617,968.96",1.0052,139338782.4
TH0000002990,民生人寿,民生人寿保险股份有限公司-传统险,20231231,316,600856,稳健增强,"1,000,000.00",1.0052,1005200
TH0000000145,民生人寿,民生人寿保险股份有限公司-分红固收,20231231,14,600857,稳健收益,"290,000,000.00",0.9937,288173000
TH0000002990,民生人寿,民生人寿保险股份有限公司-传统险,20231231,316,600857,稳健收益,"10,000,000.00",0.9937,9937000
TH0000000123,民生人寿,民生人寿保险股份有限公司-万能,20231231,12,600975,享利3号,"986,582.48",1.0172,1003551.699
TH0000005443,民生人寿,民生人寿保险股份有限公司-2020资本补充债,20231231,584,600975,享利3号,"1,000,000.00",1.0172,1017200
TH0000000123,民生人寿,民生人寿保险股份有限公司-万能,20231231,12,600976,享利2号,"993,344.59",0.9788,972285.6847
TH0000005443,民生人寿,民生人寿保险股份有限公司-2020资本补充债,20231231,584,600976,享利2号,"8,500,000.00",0.9788,8319800
TH0000000123,民生人寿,民生人寿保险股份有限公司-万能,20231231,12,600977,享利1号,"1,101,442.89",0.8877,977750.8535
TH0000005443,民生人寿,民生人寿保险股份有限公司-2020资本补充债,20231231,584,600977,享利1号,"16,080,000.00",0.8877,14274216
TH0000002990,民生人寿,民生人寿保险股份有限公司-传统险,20231231,316,601158,民汇56号,"16,916.53",0.9872,16699.99842
TH0000000145,民生人寿,民生人寿保险股份有限公司-分红固收,20231231,14,601158,民汇56号,"16,916.53",0.9872,16699.99842
TH0000002990,民生人寿,民生人寿保险股份有限公司-传统险,20231231,316,601159,民汇57号,"16,916.53",0.9872,16699.99842
TH0000000145,民生人寿,民生人寿保险股份有限公司-分红固收,20231231,14,601159,民汇57号,"16,916.53",0.9872,16699.99842
TH0000000145,民生人寿,民生人寿保险股份有限公司-分红固收,20231231,14,601169,民汇53号,"9,973,718.47",1.0284,10256972.07
TH0000004790,民生人寿,民生人寿-民生汇鑫宝稳健增利,20231231,518,601851,日添利货币,"52,841,556.58",1,52841556.58
TH0000004802,民生人寿,民生人寿-民生汇鑫宝主动精选,20231231,519,601851,日添利货币,"25,265,134.39",1,25265134.39
TH0000002990,民生人寿,民生人寿保险股份有限公司-传统险,20231231,316,601851,日添利货币,"506,079,130.30",1,506079130.3
TH0000004802,民生人寿,民生人寿-民生汇鑫宝主动精选,20231231,519,601855,日日盈货币,"9,242,318.39",1,9242318.39
TH0000000145,民生人寿,民生人寿保险股份有限公司-分红固收,20231231,14,601855,日日盈货币,"382,647,443.36",1,382647443.4
TH0010000189,民生人寿,民生人寿-民生汇鑫宝多策略,20231231,1655,602096,民汇66号,"987,069.39",1.0182,1005034.053
TH0000004790,民生人寿,民生人寿-民生汇鑫宝稳健增利,20231231,518,602096,民汇66号,"987,069.39",1.0182,1005034.053
TH0000001225,民生人寿,民生人寿保险股份有限公司-分红权益,20231231,129,602100,通汇33号,"20,083.99",0.8649,17370.64295
TH0000005577,民生人寿,民生人寿保险股份有限公司-传统权益,20231231,597,602100,通汇33号,"4,114.71",0.8649,3558.812679
TH0000005577,民生人寿,民生人寿保险股份有限公司-传统权益,20231231,597,602102,科技复兴动力1号,"51,952,817.69",0.892,46341913.38
TH0000001225,民生人寿,民生人寿保险股份有限公司-分红权益,20231231,129,602102,科技复兴动力1号,"253,192,397.84",0.892,225847618.9
TH0000000145,民生人寿,民生人寿保险股份有限公司-分红固收,20231231,14,602984,民汇70号,"270,000,000.00",1.0109,272943000
TH0000005577,民生人寿,民生人寿保险股份有限公司-传统权益,20231231,597,603236,量化红利,"10,000,000.00",1.0121,10121000
TH0000001225,民生人寿,民生人寿保险股份有限公司-分红权益,20231231,129,999020,民汇1号,"1,101,321.59",1.0324,1137004.41
TH0000005443,民生人寿,民生人寿保险股份有限公司-2020资本补充债,20231231,584,999020,民汇1号,"3,086,344.65",1.0324,3186342.217
TH0000001225,民生人寿,民生人寿保险股份有限公司-分红权益,20231231,129,999032,通汇4号,"239,962,412.99",1.13,271157526.7
TH0000005577,民生人寿,民生人寿保险股份有限公司-传统权益,20231231,597,999032,通汇4号,"615,639,520.22",1.13,695672657.8
TH0000001225,民生人寿,民生人寿保险股份有限公司-分红权益,20231231,129,999035,通汇7号,"368,473,895.58",1.0998,405247590.4
TH0000005577,民生人寿,民生人寿保险股份有限公司-传统权益,20231231,597,999035,通汇7号,"160,642,570.28",1.0998,176674698.8
TH0000000617,民生人寿,民生人寿保险股份有限公司-万能-附加富贵赢家至尊,20231231,68,999039,聚信2号,"510,113,978.96",1.0744,548066459
TH0000003193,民生人寿,民生人寿-民生个人税收递延型养老年金保险B1款（2018）万能型,20231231,355,999039,聚信2号,"7,423,904.97",1.0744,7976243.5
TH0000001045,民生人寿,民生人寿保险股份有限公司-金彩1号,20231231,111,999039,聚信2号,"172,135,358.76",1.0744,184942229.5
TH0000002361,民生人寿,民生人寿保险股份有限公司-续灵通,20231231,249,999039,聚信2号,"57,600,105.30",1.0744,61885553.13
TH0000001225,民生人寿,民生人寿保险股份有限公司-分红权益,20231231,129,999045,通汇2号,"9,416,195.86",0.924,8700564.975
TH0000005577,民生人寿,民生人寿保险股份有限公司-传统权益,20231231,597,999045,通汇2号,"18,832,391.71",0.924,17401129.94
TH0000003193,民生人寿,民生人寿-民生个人税收递延型养老年金保险B1款（2018）万能型,20231231,355,999088,聚信3号,"4,680,187.21",1.296,6065522.624
TH0000000617,民生人寿,民生人寿保险股份有限公司-万能-附加富贵赢家至尊,20231231,68,999088,聚信3号,"53,884,588.17",1.296,69834426.27
TH0000005443,民生人寿,民生人寿保险股份有限公司-2020资本补充债,20231231,584,999088,聚信3号,"55,421,686.75",1.296,71826506.03
TH0000001045,民生人寿,民生人寿保险股份有限公司-金彩1号,20231231,111,999088,聚信3号,"47,961,630.70",1.296,62158273.39
TH0000005577,民生人寿,民生人寿保险股份有限公司-传统权益,20231231,597,999151,指数增强1号,"39,210,435.35",1.424,55835659.94
TH0000000617,民生人寿,民生人寿保险股份有限公司-万能-附加富贵赢家至尊,20231231,68,999153,聚鑫3号,"1,890,001.89",0.5114,966546.9665
TH0000001225,民生人寿,民生人寿保险股份有限公司-分红权益,20231231,129,999153,聚鑫3号,"604,490,500.86",0.5114,309136442.1
TH0000000617,民生人寿,民生人寿保险股份有限公司-万能-附加富贵赢家至尊,20231231,68,999154,惠盈,"9,000,000.00",1.226,11034000
TH0000000145,民生人寿,民生人寿保险股份有限公司-分红固收,20231231,14,999180,民汇多策略1号,"28,757,988.48",1.0777,30992484.18
TH0000002990,民生人寿,民生人寿保险股份有限公司-传统险,20231231,316,999180,民汇多策略1号,"1,000,000.00",1.0777,1077700
TH0000001225,民生人寿,民生人寿保险股份有限公司-分红权益,20231231,129,999202,精选策略FOF1号,"311,850,311.85",0.918,286278586.3
TH0000005577,民生人寿,民生人寿保险股份有限公司-传统权益,20231231,597,999202,精选策略FOF1号,"384,225,352.11",0.918,352718873.2
TH0000001225,民生人寿,民生人寿保险股份有限公司-分红权益,20231231,129,999203,通汇9号,"11,289,855.48",1.28,14451015.01
TH0010000189,民生人寿,民生人寿-民生汇鑫宝多策略,20231231,1655,999203,通汇9号,"2,527,805.86",1.28,3235591.501
TH0000000617,民生人寿,民生人寿保险股份有限公司-万能-附加富贵赢家至尊,20231231,68,999205,港惠1号,"1,100,110.01",0.9089,999889.9881
TH0000001225,民生人寿,民生人寿保险股份有限公司-分红权益,20231231,129,999205,港惠1号,"807,990.91",0.9089,734382.9381
TH0000001225,民生人寿,民生人寿保险股份有限公司-分红权益,20231231,129,999206,惠鑫32号,"700,770.85",1.0787,755921.5159
TH0000001225,民生人寿,民生人寿保险股份有限公司-分红权益,20231231,129,999211,通汇12号,"76,768.65",1.088,83524.2912
TH0000005577,民生人寿,民生人寿保险股份有限公司-传统权益,20231231,597,999211,通汇12号,"7,328.75",1.088,7973.68
TH0000001225,民生人寿,民生人寿保险股份有限公司-分红权益,20231231,129,999213,量化选股2号,"36,101,083.03",1.3225,47743682.31
TH0000004790,民生人寿,民生人寿-民生汇鑫宝稳健增利,20231231,518,999214,月月盈理财债券,"43,630,017.45",1.0333,45082897.03
TH0000004802,民生人寿,民生人寿-民生汇鑫宝主动精选,20231231,519,999214,月月盈理财债券,"46,525,152.66",1.0333,48074440.24
TH0000000145,民生人寿,民生人寿保险股份有限公司-分红固收,20231231,14,999215,聚鑫10号,"89,527,027.03",1.041,93197635.14
TH0000001225,民生人寿,民生人寿保险股份有限公司-分红权益,20231231,129,999216,聚鑫11号,"14,869,164.98",1.227,18244465.43
TH0000000145,民生人寿,民生人寿保险股份有限公司-分红固收,20231231,14,999216,聚鑫11号,"50,293,378.04",1.227,61709974.86
TH0000002990,民生人寿,民生人寿保险股份有限公司-传统险,20231231,316,999216,聚鑫11号,"8,710,023.50",1.227,10687198.83
TH0000001225,民生人寿,民生人寿保险股份有限公司-分红权益,20231231,129,999217,聚鑫12号,"1,986,885.03",0.6709,1333001.167
TH0000000617,民生人寿,民生人寿保险股份有限公司-万能-附加富贵赢家至尊,20231231,68,999217,聚鑫12号,"1,437,607.82",0.6709,964491.0864
TH0000000145,民生人寿,民生人寿保险股份有限公司-分红固收,20231231,14,999222,民汇23号,"59,011,049.72",1.0462,61737360.22
TH0000005577,民生人寿,民生人寿保险股份有限公司-传统权益,20231231,597,999223,通汇15号,"8,503,401.36",1.08,9183673.469
TH0000001225,民生人寿,民生人寿保险股份有限公司-分红权益,20231231,129,999223,通汇15号,"191,615,646.26",1.08,206944898
TH0000001225,民生人寿,民生人寿保险股份有限公司-分红权益,20231231,129,999225,通汇17号,"5,219,206.68",0.8315,4339770.354
TH0000005577,民生人寿,民生人寿保险股份有限公司-传统权益,20231231,597,999225,通汇17号,"144,152,400.84",0.8315,119862721.3
TH0000000617,民生人寿,民生人寿保险股份有限公司-万能-附加富贵赢家至尊,20231231,68,999236,汇通1号,"8,166,207.46",1.144,9342141.334
TH0000004790,民生人寿,民生人寿-民生汇鑫宝稳健增利,20231231,518,999237,周周盈,"21,303,792.07",1.1909,25370685.98
TH0000004802,民生人寿,民生人寿-民生汇鑫宝主动精选,20231231,519,999237,周周盈,"17,043,033.66",1.1909,20296548.79
TH0010000189,民生人寿,民生人寿-民生汇鑫宝多策略,20231231,1655,999237,周周盈,"39,592,578.99",1.1909,47150802.32
TH0000001225,民生人寿,民生人寿保险股份有限公司-分红权益,20231231,129,999238,汇通2号,"49,800,796.81",1.142,56872509.96
TH0000000617,民生人寿,民生人寿保险股份有限公司-万能-附加富贵赢家至尊,20231231,68,999238,汇通2号,"9,000,900.09",1.142,10279027.9
TH0000005443,民生人寿,民生人寿保险股份有限公司-2020资本补充债,20231231,584,999238,汇通2号,"276,010,685.43",1.142,315204202.8
TH0000001225,民生人寿,民生人寿保险股份有限公司-分红权益,20231231,129,999239,聚鑫22号,"2,051,210.06",1.123,2303508.897
TH0000000123,民生人寿,民生人寿保险股份有限公司-万能,20231231,12,999239,聚鑫22号,"1,080,980.84",1.123,1213941.483
TH0000000145,民生人寿,民生人寿保险股份有限公司-分红固收,20231231,14,999239,聚鑫22号,"1,000,000.00",1.123,1123000
TH0000001225,民生人寿,民生人寿保险股份有限公司-分红权益,20231231,129,999242,通汇18号,"27,161,617.17",0.947,25722051.46
TH0000001225,民生人寿,民生人寿保险股份有限公司-分红权益,20231231,129,999246,通汇19号,"136,665,399.24",0.996,136118737.6
TH0000005577,民生人寿,民生人寿保险股份有限公司-传统权益,20231231,597,999246,通汇19号,"9,505,703.42",0.996,9467680.606
TH0000000145,民生人寿,民生人寿保险股份有限公司-分红固收,20231231,14,999251,民汇29号,"36,796,315.61",1.1594,42661648.32
TH0000000617,民生人寿,民生人寿保险股份有限公司-万能-附加富贵赢家至尊,20231231,68,999261,汇通7号,"88,723,272.11",1.1357,100763020.1
TH0000001045,民生人寿,民生人寿保险股份有限公司-金彩1号,20231231,111,999261,汇通7号,"17,858,737.39",1.1357,20282168.05
TH0010000967,民生人寿,民生人寿保险股份有限公司-民生聚福宝终身寿险（万能型）,20231231,3517,999261,汇通7号,"14,837,448.27",1.1357,16850890
TH0000000145,民生人寿,民生人寿保险股份有限公司-分红固收,20231231,14,999262,民汇32号,"138,323,800.59",1.1312,156471883.2
TH0010000967,民生人寿,民生人寿保险股份有限公司-民生聚福宝终身寿险（万能型）,20231231,3517,999265,和谐5号,"13,567,882.53",1.1361,15414471.34
TH0000002361,民生人寿,民生人寿保险股份有限公司-续灵通,20231231,249,999265,和谐5号,"15,081,479.50",1.1361,17134068.86
TH0000001045,民生人寿,民生人寿保险股份有限公司-金彩1号,20231231,111,999265,和谐5号,"35,466,458.40",1.1361,40293443.39
TH0000005443,民生人寿,民生人寿保险股份有限公司-2020资本补充债,20231231,584,999265,和谐5号,"137,437,193.51",1.1361,156142395.5
TH0000000617,民生人寿,民生人寿保险股份有限公司-万能-附加富贵赢家至尊,20231231,68,999266,和谐6号,"186,059,949.10",1.1373,211605980.1
TH0000005443,民生人寿,民生人寿保险股份有限公司-2020资本补充债,20231231,584,999266,和谐6号,"1,000,000.00",1.1373,1137300
TH0000005443,民生人寿,民生人寿保险股份有限公司-2020资本补充债,20231231,584,999267,和谐7号,"9,280,167.32",1.1359,10541342.06
TH0000000617,民生人寿,民生人寿保险股份有限公司-万能-附加富贵赢家至尊,20231231,68,999267,和谐7号,"173,149,415.02",1.1359,196680420.5
TH0000001045,民生人寿,民生人寿保险股份有限公司-金彩1号,20231231,111,999267,和谐7号,"9,057,971.01",1.1359,10288949.27
TH0000002361,民生人寿,民生人寿保险股份有限公司-续灵通,20231231,249,999267,和谐7号,"44,913,682.28",1.1359,51017451.7
TH0010000967,民生人寿,民生人寿保险股份有限公司-民生聚福宝终身寿险（万能型）,20231231,3517,999267,和谐7号,"87,489,764.18",1.1359,99379623.13
TH0000005443,民生人寿,民生人寿保险股份有限公司-2020资本补充债,20231231,584,999268,和谐8号,"174,333,412.69",1.1378,198356557
TH0000000145,民生人寿,民生人寿保险股份有限公司-分红固收,20231231,14,999272,纯债1号,"204,880,406.70",1.1299,231494371.5
TH0000000145,民生人寿,民生人寿保险股份有限公司-分红固收,20231231,14,999273,债券增强1号,"382,524,137.98",1.1024,421694609.7
TH6010001642,民生理财,民生理财贵竹固收增利单月持有期自动续期1号理财产品,20231231,4999,603188,民银惠享1号,"1,010,000.00",1.003949,1013988.49
TH6010001650,民生理财,民生理财富竹固收优选14个月封闭22号理财产品,20231231,5007,603188,民银惠享1号,"421,728,007.12",1.003949,423393411
TH6010001649,民生理财,民生理财贵竹固收增利月月发30天持有期1号理财产品,20231231,5006,603188,民银惠享1号,"481,005,200.05",1.003949,482904689.6
TH6010001645,民生理财,民生理财贵竹固收增利天天盈10号理财产品,20231231,5002,603188,民银惠享1号,"200,707,569.07",1.003949,201500163.3
TH6010001644,民生理财,民生理财贵竹固收增利天天盈7号理财产品,20231231,5001,603188,民银惠享1号,"599,992,000.08",1.003949,602361368.5
TH6010001749,民生理财,民生理财富竹固收优选14个月封闭庆典款理财产品,20231231,5135,603188,民银惠享1号,"1,297,068,624.91",1.003949,1302190749
TH0010000722,陆家嘴国泰,陆家嘴国泰人寿保险有限责任公司-传统,20231231,2547,601855,日日盈货币,"493,559,735.46",1,493559735.5
TH0010000723,陆家嘴国泰,陆家嘴国泰人寿保险有限责任公司-个万,20231231,2548,601855,日日盈货币,"30,452,576.60",1,30452576.6
TH0010000724,陆家嘴国泰,陆家嘴国泰人寿保险有限责任公司-分红,20231231,2549,601855,日日盈货币,"78,876,640.98",1,78876640.98
TH0010000731,陆家嘴国泰,陆家嘴国泰人寿保险有限责任公司-团万-工行,20231231,2556,601855,日日盈货币,"8,226,861.51",1,8226861.51
TH0010000558,昆仑健康,昆仑健康保险股份有限公司-传统保险产品,20231231,2338,999214,月月盈理财债券,"377,773,453.45",1.0333,390353309.4
TH0010000561,昆仑健康,昆仑健康保险股份有限公司-万能保险产品-工行广分,20231231,2341,999214,月月盈理财债券,"322,186,068.94",1.0333,332914865
TH0000005982,京东安联,京东安联财产保险有限公司,20231231,642,999237,周周盈,"73,227,864.84",1.1909,87207064.24
TH6010001655,太平养老,金达鑫财富A款14-01号,20231231,5012,999237,周周盈,"30,981,646.74",1.1909,36896043.1
TH6010001656,太平养老,金达鑫财富A款28-01号,20231231,5013,999237,周周盈,"23,236,235.06",1.1909,27672032.33
TH6010001657,太平养老,金达鑫财富A款28-02号,20231231,5014,999237,周周盈,"29,466,240.11",1.1909,35091345.35
TH0010000915,太平养老,金达鑫财富C款009号,20231231,3337,999237,周周盈,"42,574,931.88",1.1909,50702486.38
TH0000000763,建信人寿,建信人寿保险股份有限公司分红保险产品,20231231,83,999182,港惠2号,"77,682,661.35",1.021,79313997.24
TH0000000763,建信人寿,建信人寿保险股份有限公司分红保险产品,20231231,83,999206,惠鑫32号,"168,323,937.14",1.0787,181571031
TH0000000752,建信人寿,建信人寿保险股份有限公司普通,20231231,82,999206,惠鑫32号,"82,228,840.45",1.0787,88700250.19
TH0000000763,建信人寿,建信人寿保险股份有限公司分红保险产品,20231231,83,999220,民汇20号,"84,182,170.22",1.1914,100294637.6
TH0000000774,建信人寿,建信人寿保险股份有限公司万能,20231231,84,999237,周周盈,"168,976,005.41",1.1909,201233524.8
TH0010000335,建信保险,建信保险资管安鑫债券增强6号集合资产管理计划,20231231,1881,999214,月月盈理财债券,"28,749,164.51",1.0333,29706511.69
TH0000004879,建信保险,建信保险资产管理有限公司,20231231,526,999214,月月盈理财债券,"109,984,434.81",1.0333,113646916.5
TH0010000335,建信保险,建信保险资管安鑫债券增强6号集合资产管理计划,20231231,1881,999220,民汇20号,"29,604,685.21",1.1914,35271021.96
TH0000004879,建信保险,建信保险资产管理有限公司,20231231,526,999220,民汇20号,"59,541,027.81",1.1914,70937180.53
TH0000005937,嘉兴银行,嘉兴银行股份有限公司,20231231,637,999220,民汇20号,"253,998,701.49",1.1914,302614053
TH0000005937,嘉兴银行,嘉兴银行股份有限公司,20231231,637,999237,周周盈,"254,572,032.18",1.1909,303169833.1
TH6010001227,嘉实资本,嘉实资本管理有限公司-泰山添瑞1号FOF集合资产管理计划,20231231,4352,999261,汇通7号,"11,283,560.79",1.1357,12814739.99
TH6010001481,嘉实资本,嘉实资本管理有限公司-泰山添瑞2号FOF集合资产管理计划,20231231,4792,999261,汇通7号,"11,489,966.26",1.1357,13049154.68
TH6010001654,嘉实资本,嘉实资本管理有限公司-泰山添瑞10号FOF集合资产管理计划,20231231,5011,999261,汇通7号,"8,820,150.24",1.1357,10017044.63
TH6010001729,嘉实资本,嘉实资本管理有限公司-泰山添瑞11号FOF集合资产管理计划,20231231,5115,999261,汇通7号,"3,424,838.91",1.1357,3889589.55
TH0000001034,吉林银行,吉林银行股份有限公司,20231231,110,999220,民汇20号,"671,637,503.92",1.1914,800188922.2
TH0010000871,华鑫证券,华鑫证券鑫享添利1号集合资产管理计划,20231231,3050,999237,周周盈,"12,772,479.56",1.1909,15210745.91
TH6010001014,华夏恒邦,华夏恒邦保险代理有限公司,20231231,3791,999237,周周盈,"14,071,661.98",1.1909,16757942.25
TH0010000433,华西证券,华西证券股份有限公司,20231231,2043,999240,隆源稳健1号,"6,745,945.95",1.023,6901102.707
TH6010001161,华泰资管,华泰资管国民国泰民安201三十天滚动持有商业养老金产品A款,20231231,4116,999237,周周盈,"65,796,287.11",1.1909,78356798.32
TH6010001161,华泰资管,华泰资管国民国泰民安201三十天滚动持有商业养老金产品A款,20231231,4116,999261,汇通7号,"68,171,796.22",1.1357,77422708.97
TH6010001652,华泰资管,华泰资产日享收益资产管理产品,20231231,5009,999237,周周盈,"25,370,506.59",1.1909,30213736.3
TH6010001125,华泰人寿,华泰人寿保险股份有限公司分红账户,20231231,4054,999237,周周盈,"255,102,040.82",1.1909,303801020.4
TH0000001540,华农财产,华农财产保险股份有限公司,20231231,162,601005,信农,"48,260,400.62",0.6421,30988003.24
TH0000001540,华农财产,华农财产保险股份有限公司,20231231,162,601949,华信,"55,220,790.00",0.8111,44789582.77
TH0000000538,华海财产,华海财产保险股份有限公司,20231231,60,999216,聚鑫11号,"8,930,496.45",1.227,10957719.14
TH6010001638,华宝证券,华宝证券满月宝1号集合资产管理计划,20231231,4995,600629,民汇48号,"4,393,444.85",1.096,4815215.556
TH6010001639,华宝证券,华宝证券满月宝2号集合资产管理计划,20231231,4996,600629,民汇48号,"3,936,213.51",1.096,4314090.007
TH6010001653,华宝证券,华宝证券周三赢尊享3号集合资产管理计划,20231231,5010,600629,民汇48号,"1,828,989.48",1.096,2004572.47
TH6010001663,华宝证券,华宝证券满月宝3号集合资产管理计划,20231231,5020,600629,民汇48号,"7,682,128.03",1.096,8419612.321
TH6010001664,华宝证券,华宝证券华量安心8号FOF单一资产管理计划,20231231,5021,600629,民汇48号,"41,516,427.20",1.096,45502004.21
TH6010001675,华宝证券,华宝证券周二赢尊享2号集合资产管理计划,20231231,5032,600629,民汇48号,"1,826,984.56",1.096,2002375.078
TH6010001724,华宝证券,华宝证券周三赢尊享4号集合资产管理计划,20231231,5110,600629,民汇48号,"1,827,886.78",1.096,2003363.911
TH6010001208,华宝证券,华宝证券华享添利周周盈1号集合资产管理计划,20231231,4250,600629,民汇48号,"15,560,927.63",1.096,17054776.68
TH6010001209,华宝证券,华宝证券华享添利周周盈2号集合资产管理计划,20231231,4251,600629,民汇48号,"10,950,069.59",1.096,12001276.27
TH6010001210,华宝证券,华宝证券华享添利双周盈1号集合资产管理计划,20231231,4252,600629,民汇48号,"18,555,041.47",1.096,20336325.45
TH6010001211,华宝证券,华宝证券华享海悦周周盈1号集合资产管理计划,20231231,4253,600629,民汇48号,"1,506,736.90",1.096,1651383.642
TH6010001253,华宝证券,华宝证券周周盈101号集合资产管理计划,20231231,4415,600629,民汇48号,"21,152,082.92",1.096,23182682.88
TH6010001254,华宝证券,华宝证券华享添利周周盈1号2期集合资产管理计划,20231231,4416,600629,民汇48号,"18,173,897.82",1.096,19918592.01
TH6010001255,华宝证券,华宝证券华享添利周周盈1号3期集合资产管理计划,20231231,4417,600629,民汇48号,"4,705,430.95",1.096,5157152.321
TH6010001256,华宝证券,华宝证券华享添利双周盈1号3期集合资产管理计划,20231231,4418,600629,民汇48号,"8,285,579.48",1.096,9080995.11
TH6010001257,华宝证券,华宝证券华享海悦周周盈2号集合资产管理计划,20231231,4419,600629,民汇48号,"1,690,663.25",1.096,1852966.922
TH6010001340,华宝证券,华宝证券华享添利双周盈2号集合资产管理计划,20231231,4546,600629,民汇48号,"4,610,844.71",1.096,5053485.802
TH6010001341,华宝证券,华宝证券华享添利周周盈3号集合资产管理计划,20231231,4547,600629,民汇48号,"10,798,075.87",1.096,11834691.15
TH6010001343,华宝证券,华宝证券华享添利双周盈3号集合资产管理计划,20231231,4549,600629,民汇48号,"6,241,788.37",1.096,6841000.054
TH6010001344,华宝证券,华宝证券聚宝周周盈1号集合资产管理计划,20231231,4550,600629,民汇48号,"8,979,353.56",1.096,9841371.502
TH6010001429,华宝证券,华宝证券周三赢尊享1号集合资产管理计划,20231231,4704,600629,民汇48号,"13,760,642.85",1.096,15081664.56
TH6010001430,华宝证券,华宝证券周周盈201号集合资产管理计划,20231231,4705,600629,民汇48号,"13,774,544.66",1.096,15096900.95
TH6010001432,华宝证券,华宝证券双周盈201号集合资产管理计划,20231231,4707,600629,民汇48号,"7,332,095.16",1.096,8035976.295
TH6010001433,华宝证券,华宝证券双周盈101号集合资产管理计划,20231231,4708,600629,民汇48号,"8,719,618.58",1.096,9556701.964
TH6010001484,华宝证券,华宝证券周三赢尊享2号集合资产管理计划,20231231,4811,600629,民汇48号,"10,097,807.11",1.096,11067196.59
TH6010001487,华宝证券,华宝证券满悦周周盈2号集合资产管理计划,20231231,4814,600629,民汇48号,"4,586,652.57",1.096,5026971.217
TH6010001556,华宝证券,华宝证券周一赢尊享1号集合资产管理计划,20231231,4911,600629,民汇48号,"1,828,910.02",1.096,2004485.382
TH6010001557,华宝证券,华宝证券周二赢尊享1号集合资产管理计划,20231231,4912,600629,民汇48号,"4,565,385.96",1.096,5003663.012
TH0010000714,华安财保,华安财保资管安泰固定收益集合资产管理产品,20231231,2539,999182,港惠2号,"16,680,567.14",1.021,17030859.05
TH0010000128,湖北正涵,湖北正涵投资有限公司,20231231,1551,999028,金享,"14,005,602.24",1.375,19257703.08
TH0000004217,弘康人寿,弘康人寿-分红险-邮储,20231231,458,600957,量化选股4号,"1,000,000.00",0.9513,951300
TH0000000875,弘康人寿,弘康人寿保险股份有限公司,20231231,94,600957,量化选股4号,"50,418,622.63",0.9513,47963235.71
TH0000004206,弘康人寿,弘康人寿-分红险-工行,20231231,457,600957,量化选股4号,"1,000,000.00",0.9513,951300
TH0000000875,弘康人寿,弘康人寿保险股份有限公司,20231231,94,600958,量化选股5号,"6,993,006.99",0.7619,5327972.026
TH0000004217,弘康人寿,弘康人寿-分红险-邮储,20231231,458,600958,量化选股5号,"1,000,000.00",0.7619,761900
TH0000004206,弘康人寿,弘康人寿-分红险-工行,20231231,457,600958,量化选股5号,"31,477,284.00",0.7619,23982542.68
TH0000004217,弘康人寿,弘康人寿-分红险-邮储,20231231,458,999218,量化选股3号,"9,149,015.46",0.9565,8751033.287
TH0000004206,弘康人寿,弘康人寿-分红险-工行,20231231,457,999218,量化选股3号,"20,670,739.10",0.9565,19771561.95
TH0000000875,弘康人寿,弘康人寿保险股份有限公司,20231231,94,999218,量化选股3号,"121,111,255.64",0.9565,115842916
TH0000003452,横琴人寿,横琴人寿-分红自营,20231231,381,999182,港惠2号,"19,486,176.97",1.021,19895386.69
TH0000004644,恒大人寿,恒大人寿保险有限公司-民安增益,20231231,501,999214,月月盈理财债券,"148,799,477.60",1.0333,153754500.2
TH0000004644,恒大人寿,恒大人寿保险有限公司-民安增益,20231231,501,999220,民汇20号,"181,367,130.95",1.1914,216080799.8
TH0000004701,恒大人寿,恒大人寿保险有限公司-现金宝,20231231,507,999220,民汇20号,"145,606,839.05",1.1914,173475988
TH0000004644,恒大人寿,恒大人寿保险有限公司-民安增益,20231231,501,999237,周周盈,"81,153,075.46",1.1909,96645197.57
TH0000004655,恒大人寿,恒大人寿保险有限公司-传统,20231231,502,999237,周周盈,"98,560,608.02",1.1909,117375828.1
TH0000004688,恒大人寿,恒大人寿保险有限公司-万能A,20231231,505,999237,周周盈,"94,790,965.30",1.1909,112886560.6
TH0000004701,恒大人寿,恒大人寿保险有限公司-现金宝,20231231,507,999237,周周盈,"61,018,131.10",1.1909,72666492.33
TH0010000875,恒大人寿,恒大人寿保险有限公司-万能H,20231231,3070,999237,周周盈,"378,709,649.86",1.1909,451005322
TH0000003801,恒邦财产,恒邦财产保险股份有限公司,20231231,416,999182,港惠2号,"6,230,769.23",1.021,6361615.384
TH0000005724,和泰人寿,和泰人寿-京泰盈年金保险（万能型3号）-山东工行,20231231,616,999215,聚鑫10号,"16,583,747.93",1.041,17263681.6
TH0000003777,和泰人寿,和泰人寿保险股份有限公司-传统保险,20231231,413,999215,聚鑫10号,"28,642,815.66",1.041,29817171.1
TH0000006387,合众资产,合众资产管理股份有限公司,20231231,683,601855,日日盈货币,"20,098,237.87",1,20098237.87
TH6010001249,合众资产,合众资产合鑫3号,20231231,4411,999214,月月盈理财债券,"578,147.97",1.0333,597400.2974
TH0010000737,合众优年,合众优年（北京）投资有限公司,20231231,2590,999220,民汇20号,"14,922,593.69",1.1914,17778778.12
TH0000003867,合众人寿,合众人寿保险股份有限公司-传统账户,20231231,422,601847,民汇62号,"36,534,821.87",1.037,37886610.28
TH0000003889,合众人寿,合众人寿保险股份有限公司-万能账户,20231231,424,601847,民汇62号,"370,236,074.85",1.037,383934809.6
TH0000003867,合众人寿,合众人寿保险股份有限公司-传统账户,20231231,422,999214,月月盈理财债券,"682,073,220.40",1.0333,704786258.6
TH0000003878,合众人寿,合众人寿保险股份有限公司-分红账户,20231231,423,999214,月月盈理财债券,"892,328,784.01",1.0333,922043332.5
TH0000003889,合众人寿,合众人寿保险股份有限公司-万能账户,20231231,424,999214,月月盈理财债券,"964,169,648.32",1.0333,996276497.6
TH0000003867,合众人寿,合众人寿保险股份有限公司-传统账户,20231231,422,999220,民汇20号,"357,698,017.75",1.1914,426161418.3
TH0000003878,合众人寿,合众人寿保险股份有限公司-分红账户,20231231,423,999220,民汇20号,"200,000,000.00",1.1914,238280000
TH0000003889,合众人寿,合众人寿保险股份有限公司-万能账户,20231231,424,999220,民汇20号,"604,494,085.53",1.1914,720194253.5
TH0000003867,合众人寿,合众人寿保险股份有限公司-传统账户,20231231,422,999237,周周盈,"348,524,948.16",1.1909,415058360.8
TH0000003878,合众人寿,合众人寿保险股份有限公司-分红账户,20231231,423,999237,周周盈,"218,538,940.78",1.1909,260258024.6
TH0000003889,合众人寿,合众人寿保险股份有限公司-万能账户,20231231,424,999237,周周盈,"389,766,358.55",1.1909,464172756.4
TH0000003867,合众人寿,合众人寿保险股份有限公司-传统账户,20231231,422,999261,汇通7号,"588,834,757.71",1.1357,668739634.3
TH0000003889,合众人寿,合众人寿保险股份有限公司-万能账户,20231231,424,999261,汇通7号,"46,095,694.66",1.1357,52350880.43
TH0010000741,合众康养,合众康养（武汉）企业管理有限公司,20231231,2594,999220,民汇20号,"17,253,765.30",1.1914,20556135.98
TH0010000739,合众健康,合众健康产业项目管理（沈阳）有限公司,20231231,2592,999220,民汇20号,"17,184,970.49",1.1914,20474173.84
TH0010000738,合众南宁,合众（南宁）企业管理有限公司,20231231,2591,999220,民汇20号,"15,115,020.18",1.1914,18008035.04
TH0010000934,杭工信,杭工信-民惠周开型7号集合资金信托计划,20231231,3412,600629,民汇48号,"29,585,271.59",1.096,32425457.66
TH0010000935,杭工信,杭工信-民惠周开型6号集合资金信托计划,20231231,3413,600629,民汇48号,"191,862,769.47",1.096,210281595.3
TH0010000938,杭工信,杭工信-民惠周开型8号集合资金信托计划,20231231,3432,600629,民汇48号,"92,404,575.00",1.096,101275414.2
TH0010000105,杭工信,杭工信-周添利1号集合资金信托计划,20231231,766,600629,民汇48号,"4,203,000.02",1.096,4606488.022
TH0010000161,杭工信,杭工信-周添利2号集合资金信托计划,20231231,1623,600629,民汇48号,"4,865,950.30",1.096,5333081.529
TH0010000162,杭工信,杭工信-周添利3号集合资金信托计划,20231231,1625,600629,民汇48号,"9,275,304.50",1.096,10165733.73
TH0010000163,杭工信,杭工信-周添利4号集合资金信托计划,20231231,1627,600629,民汇48号,"2,414,993.48",1.096,2646832.854
TH0010000164,杭工信,杭工信-周添利5号集合资金信托计划,20231231,1629,600629,民汇48号,"5,801,404.80",1.096,6358339.661
TH0010000536,杭工信,杭工信-民惠周开型1号集合资金信托计划,20231231,2261,600629,民汇48号,"435,018,143.99",1.096,476779885.8
TH0010000732,杭工信,杭工信-民惠周开型2号集合资金信托计划,20231231,2557,600629,民汇48号,"479,977,395.73",1.096,526055225.7
TH0010000742,杭工信,杭工信-民惠周开型3号集合资金信托计划,20231231,2595,600629,民汇48号,"316,227,653.91",1.096,346585508.7
TH0010000759,杭工信,杭工信-民惠周开型4号集合资金信托计划,20231231,2630,600629,民汇48号,"182,748,053.00",1.096,200291866.1
TH0010000841,杭工信,杭工信-民惠周开型5号集合资金信托计划,20231231,2917,600629,民汇48号,"250,176,621.17",1.096,274193576.8
TH0010000105,杭工信,杭工信-周添利1号集合资金信托计划,20231231,766,601847,民汇62号,"39,760,091.39",1.037,41231214.77
TH0010000161,杭工信,杭工信-周添利2号集合资金信托计划,20231231,1623,601847,民汇62号,"35,283,400.41",1.037,36588886.23
TH0010000162,杭工信,杭工信-周添利3号集合资金信托计划,20231231,1625,601847,民汇62号,"82,004,873.66",1.037,85039053.99
TH0010000163,杭工信,杭工信-周添利4号集合资金信托计划,20231231,1627,601847,民汇62号,"51,320,875.42",1.037,53219747.81
TH0010000164,杭工信,杭工信-周添利5号集合资金信托计划,20231231,1629,601847,民汇62号,"1,855,049.63",1.037,1923686.466
TH0010000105,杭工信,杭工信-周添利1号集合资金信托计划,20231231,766,999220,民汇20号,"76,248,313.13",1.1914,90842240.26
TH0010000161,杭工信,杭工信-周添利2号集合资金信托计划,20231231,1623,999220,民汇20号,"80,028,147.14",1.1914,95345534.5
TH0010000162,杭工信,杭工信-周添利3号集合资金信托计划,20231231,1625,999220,民汇20号,"51,746,319.15",1.1914,61650564.64
TH0010000163,杭工信,杭工信-周添利4号集合资金信托计划,20231231,1627,999220,民汇20号,"39,953,439.11",1.1914,47600527.36
TH0010000164,杭工信,杭工信-周添利5号集合资金信托计划,20231231,1629,999220,民汇20号,"28,380,520.17",1.1914,33812551.73
TH0010000940,杭工信,杭工信-月添利1号集合资金信托计划,20231231,3450,999220,民汇20号,"26,832,964.23",1.1914,31968793.58
TH0010000105,杭工信,杭工信-周添利1号集合资金信托计划,20231231,766,999237,周周盈,"33,975,667.08",1.1909,40461621.93
TH0010000161,杭工信,杭工信-周添利2号集合资金信托计划,20231231,1623,999237,周周盈,"40,715,422.85",1.1909,48487997.07
TH0010000162,杭工信,杭工信-周添利3号集合资金信托计划,20231231,1625,999237,周周盈,"57,454,372.46",1.1909,68422412.16
TH0010000163,杭工信,杭工信-周添利4号集合资金信托计划,20231231,1627,999237,周周盈,"47,659,335.98",1.1909,56757503.22
TH0010000164,杭工信,杭工信-周添利5号集合资金信托计划,20231231,1629,999237,周周盈,"6,276,018.98",1.1909,7474111.003
TH0010000105,杭工信,杭工信-周添利1号集合资金信托计划,20231231,766,999261,汇通7号,"13,607,745.62",1.1357,15454316.7
TH0010000161,杭工信,杭工信-周添利2号集合资金信托计划,20231231,1623,999261,汇通7号,"21,217,960.25",1.1357,24097237.46
TH0010000162,杭工信,杭工信-周添利3号集合资金信托计划,20231231,1625,999261,汇通7号,"1,632,832.41",1.1357,1854407.768
TH0010000163,杭工信,杭工信-周添利4号集合资金信托计划,20231231,1627,999261,汇通7号,"2,303,459.85",1.1357,2616039.352
TH0010000164,杭工信,杭工信-周添利5号集合资金信托计划,20231231,1629,999261,汇通7号,"1,287,614.03",1.1357,1462343.254
TH6010001131,国元证券,国元证券元赢周享1号集合资产管理计划,20231231,4070,601847,民汇62号,"1,190,604.59",1.037,1234656.96
TH6010001352,国信证券,国信证券大湾区甄1号集合资产管理计划,20231231,4610,600629,民汇48号,"14,906,779.04",1.096,16337829.83
TH6010001221,国信证券,国信证券信欣优利2号集合资产管理计划,20231231,4290,601847,民汇62号,"8,085,143.08",1.037,8384293.374
TH6010001207,国信证券,国信证券信欣优利3号集合资产管理计划,20231231,4236,999220,民汇20号,"5,714,407.72",1.1914,6808145.358
TH6010001221,国信证券,国信证券信欣优利2号集合资产管理计划,20231231,4290,999220,民汇20号,"15,565,031.98",1.1914,18544179.1
TH6010001196,国信证券,国信证券信欣优利1号集合资产管理计划,20231231,4197,999261,汇通7号,"40,867,193.11",1.1357,46412871.22
TH0000004082,国泰财产,国泰财产保险有限责任公司,20231231,444,999220,民汇20号,"18,514,915.10",1.1914,22058669.85
TH0000004251,国任财产,国任财产保险股份有限公司,20231231,462,12,泰山1号,"484,448,679.33",0.991,480088641.2
TH6010001671,国民养老,国民国泰民安101期限保本型（三年滚动）商业养老金产品A款,20231231,5028,999214,月月盈理财债券,"827,599.44",1.0333,855158.5014
TH6010001671,国民养老,国民国泰民安101期限保本型（三年滚动）商业养老金产品A款,20231231,5028,999220,民汇20号,"50,653,952.88",1.1914,60349119.46
TH6010001671,国民养老,国民国泰民安101期限保本型（三年滚动）商业养老金产品A款,20231231,5028,999237,周周盈,"21,878,155.50",1.1909,26054695.38
TH6010001671,国民养老,国民国泰民安101期限保本型（三年滚动）商业养老金产品A款,20231231,5028,999261,汇通7号,"44,111,160.12",1.1357,50097044.55
TH0010000479,国华人寿,国华人寿保险股份有限公司分红型保险产品三号,20231231,2199,601851,日添利货币,"507,479,111.57",1,507479111.6
TH6010001333,国华人寿,国华人寿保险股份有限公司万能型保险产品二号,20231231,4539,601851,日添利货币,"201,906,152.39",1,201906152.4
TH0010000479,国华人寿,国华人寿保险股份有限公司分红型保险产品三号,20231231,2199,601855,日日盈货币,"733,196,769.53",1,733196769.5
TH6010001333,国华人寿,国华人寿保险股份有限公司万能型保险产品二号,20231231,4539,601855,日日盈货币,"303,838,086.55",1,303838086.6
TH0010000207,国华人寿,国华人寿保险股份有限公司-传统七号,20231231,1705,999277,进取6号,"49,634,756.88",0.9621,47753599.59
TH0000005892,国富人寿,国富人寿保险股份有限公司万能产品农行托管户,20231231,633,601855,日日盈货币,"22,616,498.18",1,22616498.18
TH0000006972,国富人寿,国富人寿保险股份有限公司传统产品工行托管户,20231231,752,999182,港惠2号,"8,210,180.62",1.021,8382594.413
TH0000005870,国富人寿,国富人寿保险股份有限公司,20231231,631,999214,月月盈理财债券,"13,813,319.10",1.0333,14273302.63
TH0000005892,国富人寿,国富人寿保险股份有限公司万能产品农行托管户,20231231,633,999214,月月盈理财债券,"5,313,085.05",1.0333,5490010.782
TH0000005892,国富人寿,国富人寿保险股份有限公司万能产品农行托管户,20231231,633,999241,信汇2号,"8,983,273.88",1.035,9297688.466
TH0000005881,国富人寿,国富人寿保险股份有限公司分红产品邮储托管户,20231231,632,999241,信汇2号,"10,476,814.90",1.035,10843503.42
TH6010001626,国宝人寿,国宝人寿保险股份有限公司-宝福袋,20231231,4983,601855,日日盈货币,"1,202,802.34",1,1202802.34
TH6010001627,国宝人寿,国宝人寿保险股份有限公司-旺银宝,20231231,4984,601855,日日盈货币,"59,051,603.32",1,59051603.32
TH0010000804,国宝人寿,国宝人寿保险股份有限公司-智能宝,20231231,2814,601855,日日盈货币,"217,274,962.51",1,217274962.5
TH0010000805,国宝人寿,国宝人寿保险股份有限公司-天鑫宝,20231231,2815,601855,日日盈货币,"5,070,689.91",1,5070689.91
TH0010000804,国宝人寿,国宝人寿保险股份有限公司-智能宝,20231231,2814,999214,月月盈理财债券,"4,897,159.65",1.0333,5060235.066
TH0010000805,国宝人寿,国宝人寿保险股份有限公司-天鑫宝,20231231,2815,999214,月月盈理财债券,"53,290,500.73",1.0333,55065074.4
TH0010000806,国宝人寿,国宝人寿保险股份有限公司-随心宝,20231231,2816,999214,月月盈理财债券,"57,941,507.66",1.0333,59870959.87
TH0000004093,国宝人寿,国宝人寿保险股份有限公司,20231231,446,999214,月月盈理财债券,"168,495,297.33",1.0333,174106190.7
TH0000004105,国宝人寿,国宝人寿保险股份有限公司-传统险,20231231,447,999214,月月盈理财债券,"9,709,680.55",1.0333,10033012.91
TH0010000804,国宝人寿,国宝人寿保险股份有限公司-智能宝,20231231,2814,999237,周周盈,"247,321,926.65",1.1909,294535682.4
TH6010001119,广发资管,广发资管渝宝4号集合资产管理计划,20231231,4040,601847,民汇62号,"3,054,894.92",1.037,3167926.032
TH0010000833,光大永明,光大永明人寿保险有限公司,20231231,2895,999214,月月盈理财债券,"98,222,178.57",1.0333,101492977.1
TH0010000833,光大永明,光大永明人寿保险有限公司,20231231,2895,999237,周周盈,"170,415,814.59",1.1909,202948193.6
TH6010001629,光大保德信,光大保德信资产管理有限公司,20231231,4986,999261,汇通7号,"17,681,902.57",1.1357,20081336.75
TH0000001641,工银安盛,工银安盛人寿保险有限公司,20231231,173,601847,民汇62号,"751,613,754.92",1.037,779423463.9
TH0000001641,工银安盛,工银安盛人寿保险有限公司,20231231,173,999214,月月盈理财债券,"1,665,230,012.56",1.0333,1720682172
TH0000001641,工银安盛,工银安盛人寿保险有限公司,20231231,173,999220,民汇20号,"596,150,613.82",1.1914,710253841.3
TH0000001641,工银安盛,工银安盛人寿保险有限公司,20231231,173,999237,周周盈,"269,518,585.60",1.1909,320969683.6
TH0000001641,工银安盛,工银安盛人寿保险有限公司,20231231,173,999273,债券增强1号,"18,606,381.99",1.1024,20511675.51
TH0000003676,复星联合,复星联合健康保险股份有限公司,20231231,403,601855,日日盈货币,"40,516,912.39",1,40516912.39
TH0000003676,复星联合,复星联合健康保险股份有限公司,20231231,403,999214,月月盈理财债券,"193,929,991.27",1.0333,200387860
TH0000003676,复星联合,复星联合健康保险股份有限公司,20231231,403,999220,民汇20号,"84,090,144.64",1.1914,100184998.3
TH0000003676,复星联合,复星联合健康保险股份有限公司,20231231,403,999237,周周盈,"168,208,578.64",1.1909,200319596.3
TH6010003795,东证期货,东证期货汇享增益FOF集合资产管理计划,20231231,5192,600629,民汇48号,"3,102,472.85",1.096,3400310.244
TH6010003795,东证期货,东证期货汇享增益FOF集合资产管理计划,20231231,5192,601847,民汇62号,"3,182,563.41",1.037,3300318.256
TH6010003795,东证期货,东证期货汇享增益FOF集合资产管理计划,20231231,5192,999237,周周盈,"2,771,944.56",1.1909,3301108.777
TH0010000906,东吴证券,东吴证券股份有限公司,20231231,3310,999220,民汇20号,"87,703,911.59",1.1914,104490440.3
TH6010001223,东海证券,东海证券海汇添益FOF1号集合资产管理计划,20231231,4310,999261,汇通7号,"1,937,977.89",1.1357,2200961.49
TH6010001192,东方财富,东方财富证券周周添利4号集合资产管理计划,20231231,4193,999261,汇通7号,"6,128,240.92",1.1357,6959843.213
TH6010001193,东方财富,东方财富证券双周添利1号集合资产管理计划,20231231,4194,999261,汇通7号,"7,529,170.92",1.1357,8550879.414
TH6010001194,东方财富,东方财富证券周周添利2号集合资产管理计划,20231231,4195,999261,汇通7号,"16,910,658.35",1.1357,19205434.69
TH6010001195,东方财富,东方财富证券周周添利3号集合资产管理计划,20231231,4196,999261,汇通7号,"16,496,977.31",1.1357,18735617.13
TH6010001245,东方财富,东方财富证券周周添利6号集合资产管理计划,20231231,4391,999261,汇通7号,"1,969,552.06",1.1357,2236820.275
TH6010001246,东方财富,东方财富证券周周添利7号集合资产管理计划,20231231,4392,999261,汇通7号,"6,969,552.06",1.1357,7915320.275
TH6010001247,东方财富,东方财富证券周周添利8号集合资产管理计划,20231231,4393,999261,汇通7号,"1,969,233.55",1.1357,2236458.543
TH0000006545,鼎诚人寿,鼎诚人寿传统自营,20231231,701,999220,民汇20号,"44,154,140.75",1.1914,52605243.29
TH0000006556,鼎诚人寿,鼎诚人寿分红,20231231,702,999220,民汇20号,"27,329,871.55",1.1914,32560808.96
TH6010001202,第一创业证券,第一创业基础设施2号集合资产管理计划,20231231,4231,601847,民汇62号,"1,955,344.19",1.037,2027691.925
TH6010001206,第一创业证券,第一创业基础设施7号单一资产管理计划,20231231,4235,601847,民汇62号,"2,942,041.78",1.037,3050897.326
TH6010001128,第一创业证券,第一创业基础设施1号集合资产管理计划,20231231,4057,601847,民汇62号,"969,645.65",1.037,1005522.539
TH6010001188,第一创业证券,第一创业基础设施8号单一资产管理计划,20231231,4170,601847,民汇62号,"2,941,753.28",1.037,3050598.151
TH6010001202,第一创业证券,第一创业基础设施2号集合资产管理计划,20231231,4231,999220,民汇20号,"1,877,453.49",1.1914,2236798.088
TH6010001323,德华安顾,德华安顾人寿保险有限公司-万能5,20231231,4510,999214,月月盈理财债券,"21,529,011.56",1.0333,22245927.64
TH0010000555,德华安顾,德华安顾人寿保险有限公司-万能3,20231231,2318,999214,月月盈理财债券,"8,696,020.69",1.0333,8985598.179
TH0010000556,德华安顾,德华安顾人寿保险有限公司-万能4,20231231,2319,999214,月月盈理财债券,"8,286,163.93",1.0333,8562093.189
TH0000006040,德华安顾,德华安顾人寿保险有限公司-ASO,20231231,648,999214,月月盈理财债券,"35,095,137.14",1.0333,36263805.21
TH0000003069,德华安顾,德华安顾人寿保险有限公司,20231231,325,999214,月月盈理财债券,"29,710,493.21",1.0333,30699852.63
TH0000003069,德华安顾,德华安顾人寿保险有限公司,20231231,336,999214,月月盈理财债券,"3,659,623.64",1.0333,3781489.107
TH0000003069,德华安顾,德华安顾人寿保险有限公司,20231231,338,999214,月月盈理财债券,"81,354,300.11",1.0333,84063398.3
TH0000003069,德华安顾,德华安顾人寿保险有限公司,20231231,325,999220,民汇20号,"86,419,453.72",1.1914,102960137.2
TH0000003069,德华安顾,德华安顾人寿保险有限公司,20231231,338,999220,民汇20号,"42,464,916.56",1.1914,50592701.59
TH0010000887,德华安顾,德华安顾人寿保险有限公司-分红险,20231231,3130,999220,民汇20号,"28,871,881.03",1.1914,34397959.06
TH0000003069,德华安顾,德华安顾人寿保险有限公司,20231231,325,999237,周周盈,"22,427,873.19",1.1909,26709354.18
TH0000003069,德华安顾,德华安顾人寿保险有限公司,20231231,336,999237,周周盈,"17,662,440.42",1.1909,21034200.3
TH0000003069,德华安顾,德华安顾人寿保险有限公司,20231231,338,999237,周周盈,"35,594,885.66",1.1909,42389949.33
TH0010000556,德华安顾,德华安顾人寿保险有限公司-万能4,20231231,2319,999237,周周盈,"26,445,609.87",1.1909,31494076.79
TH0000006040,德华安顾,德华安顾人寿保险有限公司-ASO,20231231,648,999237,周周盈,"45,777,942.35",1.1909,54516951.54
TH0000004767,德邦证券,德邦证券股份有限公司,20231231,515,999220,民汇20号,"34,728,104.35",1.1914,41375063.52
TH0000003711,丹东银行,丹东银行股份有限公司,20231231,407,602983,民汇70号,"810,000,000.00",1.0109,818829000
TH0000003148,诚泰财产,诚泰财产保险股份有限公司,20231231,349,601855,日日盈货币,"24,299,710.82",1,24299710.82
TH0010000865,成都农商,成都农商银行定期12个月净值型理财产品,20231231,3030,603353,成惠民汇58号,"1,499,700,179.89",1.0008,1500899940
TH0010000866,成都农商,成都农商银行定期6个月净值型理财产品,20231231,3031,603353,成惠民汇58号,"1,499,700,179.89",1.0008,1500899940
TH0010000867,成都农商,成都农商银行每日开放净值型理财产品,20231231,3032,603353,成惠民汇58号,"1,000,000,000.00",1.0008,1000800000
TH0010000867,成都农商,成都农商银行每日开放净值型理财产品,20231231,3032,999220,民汇20号,"1,710,304,711.93",1.1914,2037657034
TH0010000867,成都农商,成都农商银行每日开放净值型理财产品,20231231,3032,999237,周周盈,"1,757,966,036.03",1.1909,2093561752
TH0010000449,财信吉祥,财信吉祥人寿保险股份有限公司-万能产品4,20231231,2107,600785,汇通10号,"30,659,172.20",0.9795,30030659.17
TH0000002417,财信吉祥,财信吉祥人寿保险股份有限公司-传统产品,20231231,254,601004,信民,"1,080,615.60",0.9305,1005512.816
TH0010000451,财信吉祥,财信吉祥人寿保险股份有限公司-传统产品4,20231231,2119,999219,进取3号,"101,184,615.20",1.4135,143024453.6
TH0000002417,财信吉祥,财信吉祥人寿保险股份有限公司-传统产品,20231231,254,999240,隆源稳健1号,"6,640,106.24",1.023,6792828.684
TH0000000044,财信吉祥,财信吉祥人寿保险股份有限公司-分红产品,20231231,4,999240,隆源稳健1号,"22,172,949.00",1.023,22682926.83
TH0010000449,财信吉祥,财信吉祥人寿保险股份有限公司-万能产品4,20231231,2107,999240,隆源稳健1号,"6,825,938.57",1.023,6982935.157
TH0000000044,财信吉祥,财信吉祥人寿保险股份有限公司-分红产品,20231231,4,999241,信汇2号,"98,389,144.20",1.035,101832764.2
TH0000000033,财信吉祥,财信吉祥人寿保险股份有限公司-万能产品,20231231,3,999241,信汇2号,"138,795,802.96",1.035,143653656.1
TH0010000210,北京星鹏,北京星鹏联海私募基金管理有限公司,20231231,1711,999277,进取6号,"992,695.13",0.9621,955071.9846
TH0000006444,北京人寿,北京人寿分红型保险2号,20231231,689,601169,民汇53号,"199,474,369.54",1.0284,205139441.6
TH6010001542,北京人寿,北京人寿分红型保险3号,20231231,4897,999214,月月盈理财债券,"1,503,990.66",1.0333,1554073.549
TH6010001010,北京人寿,北京人寿万能型保险5号,20231231,3777,999214,月月盈理财债券,"1,711,482.97",1.0333,1768475.353
TH0010000809,北京人寿,北京人寿万能型保险3号,20231231,2831,999214,月月盈理财债券,"31,907,196.72",1.0333,32969706.37
TH0010000826,北京人寿,北京人寿万能型保险1号,20231231,2870,999214,月月盈理财债券,"19,522,085.72",1.0333,20172171.17
TH0010000827,北京人寿,北京人寿万能型保险2号,20231231,2871,999214,月月盈理财债券,"41,916,441.85",1.0333,43312259.36
TH0000005926,北京人寿,北京人寿健康保障委托管理2号,20231231,636,999214,月月盈理财债券,"49,294,406.39",1.0333,50935910.12
TH0000006444,北京人寿,北京人寿分红型保险2号,20231231,689,999214,月月盈理财债券,"31,964,354.90",1.0333,33028767.92
TH0000006466,北京人寿,北京人寿万能型保险7号,20231231,691,999214,月月盈理财债券,"28,609,852.18",1.0333,29562560.26
TH0010000152,北京人寿,北京人寿万能型保险6号,20231231,1605,999214,月月盈理财债券,"113,030,406.77",1.0333,116794319.3
TH0000004408,北京人寿,北京人寿-分红险-建设银行,20231231,477,999214,月月盈理财债券,"45,985,401.46",1.0333,47516715.33
TH0000004419,北京人寿,北京人寿-健康保障-兴业银行,20231231,478,999214,月月盈理财债券,"76,326,469.49",1.0333,78868140.92
TH0000004509,北京人寿,北京人寿保险股份有限公司-农行自有,20231231,487,999214,月月盈理财债券,"154,288,362.21",1.0333,159426164.7
TH0000004510,北京人寿,北京人寿保险股份有限公司-农行传统,20231231,488,999214,月月盈理财债券,"151,130,515.34",1.0333,156163161.5
TH0000005016,北京人寿,北京人寿万能型保险4号,20231231,540,999214,月月盈理财债券,"140,613,353.35",1.0333,145295778
TH0010000981,安盟财产,安盟财产保险有限公司,20231231,3631,601847,民汇62号,"30,154,595.31",1.037,31270315.34
TH0010000981,安盟财产,安盟财产保险有限公司,20231231,3631,601855,日日盈货币,"1,190,807.93",1,1190807.93
TH0000000796,安华农业,安华农业保险股份有限公司,20231231,86,999214,月月盈理财债券,"147,714,185.23",1.0333,152633067.6
TH0000000796,安华农业,安华农业保险股份有限公司,20231231,86,999237,周周盈,"159,986,871.73",1.1909,190528365.5
TH0010000681,爱建信托,爱建信托-现金汇裕（定开型）集合资金信托计划,20231231,2493,999261,汇通7号,"39,590,289.76",1.1357,44962692.08
